fileName,type1,type2
0.jpg,4,l
1.jpg,4,l
2.jpg,4,l
3.jpg,4,l
4.jpg,4,l
5.jpg,4,l
6.jpg,4,h
7.jpg,4,l
8.jpg,4,t
9.jpg,4,l
10.jpg,4,l
11.jpg,1,h
12.jpg,2,k
13.jpg,1,h
14.jpg,2,g
15.jpg,4,l
16.jpg,4,l
17.jpg,4,h
18.jpg,1,h
19.jpg,1,h
20.jpg,4,t
21.jpg,4,l
22.jpg,4,l
23.jpg,4,l
24.jpg,1,h
25.jpg,4,l
26.jpg,4,l
27.jpg,4,l
28.jpg,1,h
29.jpg,4,l
30.jpg,4,l
31.jpg,4,l
32.jpg,4,l
33.jpg,4,h
34.jpg,1,h
35.jpg,2,t
36.jpg,4,l
37.jpg,4,m
38.jpg,1,h
39.jpg,5,
40.jpg,4,l
41.jpg,1,t
42.jpg,4,k
43.jpg,4,l
44.jpg,4,t
45.jpg,4,h
46.jpg,4,l
47.jpg,1,h
48.jpg,4,l
49.jpg,4,l
50.jpg,5,
51.jpg,4,l
52.jpg,4,k
53.jpg,4,h
54.jpg,4,k
55.jpg,4,l
56.jpg,2,g
57.jpg,4,l
58.jpg,4,l
59.jpg,4,l
60.jpg,2,g
61.jpg,1,k
62.jpg,4,l
63.jpg,2,g
64.jpg,2,g
65.jpg,4,h
66.jpg,2,t
67.jpg,4,l
68.jpg,4,l
69.jpg,4,l
70.jpg,1,k
71.jpg,1,k
72.jpg,4,l
73.jpg,4,t
74.jpg,4,h
75.jpg,4,l
76.jpg,4,l
77.jpg,4,l
78.jpg,5,
79.jpg,4,l
80.jpg,5,
81.jpg,2,g
82.jpg,2,g
83.jpg,4,l
84.jpg,4,l
85.jpg,4,l
86.jpg,5,
87.jpg,4,t
88.jpg,1,h
89.jpg,4,k
90.jpg,4,l
91.jpg,4,l
92.jpg,1,h
93.jpg,4,t
94.jpg,2,g
95.jpg,2,h
96.jpg,0,k
97.jpg,4,t
98.jpg,4,l
99.jpg,4,t
100.jpg,4,k
101.jpg,4,h
102.jpg,4,h
103.jpg,4,h
104.jpg,4,t
105.jpg,4,h
106.jpg,4,h
107.jpg,4,t
108.jpg,4,l
109.jpg,4,l
110.jpg,4,t
111.jpg,4,l
112.jpg,2,g
113.jpg,1,k
114.jpg,4,t
115.jpg,4,l
116.jpg,4,l
117.jpg,2,t
118.jpg,4,l
119.jpg,4,t
120.jpg,4,t
121.jpg,4,l
122.jpg,4,l
123.jpg,1,h
124.jpg,4,l
125.jpg,4,t
126.jpg,2,g
127.jpg,4,l
128.jpg,1,k
129.jpg,2,h
130.jpg,4,t
131.jpg,4,t
132.jpg,4,l
133.jpg,4,k
134.jpg,2,g
135.jpg,4,t
136.jpg,2,g
137.jpg,4,t
138.jpg,4,l
139.jpg,2,k
140.jpg,1,h
141.jpg,2,k
142.jpg,2,g
143.jpg,4,l
144.jpg,2,t
145.jpg,4,h
146.jpg,1,h
147.jpg,4,t
148.jpg,2,g
149.jpg,2,g
150.jpg,4,l
151.jpg,1,h
152.jpg,4,l
153.jpg,4,l
154.jpg,2,t
155.jpg,4,h
156.jpg,4,t
157.jpg,4,t
158.jpg,4,t
159.jpg,4,h
160.jpg,4,t
161.jpg,1,h
162.jpg,1,h
163.jpg,4,l
164.jpg,5,
165.jpg,4,l
166.jpg,1,k
167.jpg,4,t
168.jpg,4,l
169.jpg,2,t
170.jpg,4,l
171.jpg,4,t
172.jpg,4,t
173.jpg,2,t
174.jpg,4,t
175.jpg,4,t
176.jpg,4,l
177.jpg,4,l
178.jpg,4,l
179.jpg,4,t
180.jpg,4,l
181.jpg,1,t
182.jpg,4,l
183.jpg,4,t
184.jpg,4,t
185.jpg,4,l
186.jpg,4,l
187.jpg,4,t
188.jpg,4,l
189.jpg,4,l
190.jpg,4,h
191.jpg,1,h
192.jpg,4,h
193.jpg,4,k
194.jpg,4,l
195.jpg,4,l
196.jpg,4,l
197.jpg,4,l
198.jpg,4,l
199.jpg,1,h
200.jpg,4,m
201.jpg,4,l
202.jpg,4,l
203.jpg,4,t
204.jpg,4,l
205.jpg,4,t
206.jpg,2,k
207.jpg,2,k
208.jpg,2,t
209.jpg,2,t
210.jpg,4,l
211.jpg,2,t
212.jpg,4,l
213.jpg,4,l
214.jpg,2,k
215.jpg,5,
216.jpg,5,
217.jpg,4,l
218.jpg,4,l
219.jpg,2,k
220.jpg,4,t
221.jpg,4,t
222.jpg,2,t
223.jpg,1,k
224.jpg,4,l
225.jpg,4,l
226.jpg,4,l
227.jpg,4,t
228.jpg,2,k
229.jpg,2,h
230.jpg,4,t
231.jpg,4,t
232.jpg,4,t
233.jpg,2,t
234.jpg,4,t
235.jpg,4,t
236.jpg,1,t
237.jpg,2,t
238.jpg,4,t
239.jpg,4,t
240.jpg,4,t
241.jpg,4,l
242.jpg,4,h
243.jpg,4,k
244.jpg,4,t
245.jpg,4,l
246.jpg,4,t
247.jpg,2,g
248.jpg,4,l
249.jpg,4,l
250.jpg,4,l
251.jpg,2,t
252.jpg,1,k
253.jpg,2,k
254.jpg,4,t
255.jpg,4,l
256.jpg,4,k
257.jpg,4,l
258.jpg,4,l
259.jpg,4,t
260.jpg,2,t
261.jpg,4,l
262.jpg,4,t
263.jpg,4,l
264.jpg,4,t
265.jpg,4,t
266.jpg,1,k
267.jpg,4,l
268.jpg,0,
269.jpg,4,l
270.jpg,4,l
271.jpg,4,l
272.jpg,4,l
273.jpg,4,l
274.jpg,4,l
275.jpg,4,l
276.jpg,4,l
277.jpg,4,t
278.jpg,4,t
279.jpg,4,t
280.jpg,4,t
281.jpg,1,h
282.jpg,2,k
283.jpg,2,t
284.jpg,4,l
285.jpg,4,l
286.jpg,4,t
287.jpg,4,t
288.jpg,4,l
289.jpg,4,t
290.jpg,4,l
291.jpg,1,h
292.jpg,4,l
293.jpg,4,l
294.jpg,4,h
295.jpg,4,t
296.jpg,4,l
297.jpg,2,k
298.jpg,1,m
299.jpg,4,l
300.jpg,4,l
301.jpg,4,l
302.jpg,5,
303.jpg,4,l
304.jpg,4,t
305.jpg,4,l
306.jpg,4,l
307.jpg,4,l
308.jpg,4,l
309.jpg,4,l
310.jpg,1,k
311.jpg,4,t
312.jpg,2,g
313.jpg,1,g
314.jpg,4,l
315.jpg,2,k
316.jpg,4,l
317.jpg,4,l
318.jpg,4,t
319.jpg,1,h
320.jpg,4,m
321.jpg,4,t
322.jpg,4,l
323.jpg,4,l
324.jpg,4,l
325.jpg,1,k
326.jpg,4,l
327.jpg,2,t
328.jpg,4,t
329.jpg,4,l
330.jpg,4,m
331.jpg,4,l
332.jpg,1,h
333.jpg,4,l
334.jpg,4,m
335.jpg,4,t
336.jpg,2,k
337.jpg,4,l
338.jpg,2,k
339.jpg,2,k
340.jpg,4,l
341.jpg,4,l
342.jpg,2,g
343.jpg,4,t
344.jpg,4,t
345.jpg,1,h
346.jpg,1,h
347.jpg,4,l
348.jpg,4,t
349.jpg,4,l
350.jpg,4,t
351.jpg,4,t
352.jpg,2,k
353.jpg,2,t
354.jpg,4,t
355.jpg,2,t
356.jpg,2,t
357.jpg,4,k
358.jpg,1,t
359.jpg,4,l
360.jpg,4,t
361.jpg,2,t
362.jpg,4,l
363.jpg,4,t
364.jpg,4,l
365.jpg,1,h
366.jpg,1,h
367.jpg,0,
368.jpg,1,h
369.jpg,4,l
370.jpg,2,g
371.jpg,4,m
372.jpg,4,g
373.jpg,4,t
374.jpg,4,l
375.jpg,4,l
376.jpg,1,k
377.jpg,2,t
378.jpg,1,h
379.jpg,4,m
380.jpg,4,h
381.jpg,2,h
382.jpg,4,t
383.jpg,4,h
384.jpg,4,l
385.jpg,4,h
386.jpg,1,t
387.jpg,2,h
388.jpg,4,h
389.jpg,4,l
390.jpg,2,t
391.jpg,4,t
392.jpg,4,k
393.jpg,4,t
394.jpg,4,t
395.jpg,4,l
396.jpg,2,h
397.jpg,5,
398.jpg,1,k
399.jpg,4,t
400.jpg,4,t
401.jpg,1,k
402.jpg,4,l
403.jpg,4,t
404.jpg,4,t
405.jpg,4,m
406.jpg,4,k
407.jpg,4,t
408.jpg,4,t
409.jpg,4,l
410.jpg,4,t
411.jpg,2,k
412.jpg,4,t
413.jpg,1,h
414.jpg,0,
415.jpg,1,k
416.jpg,4,t
417.jpg,4,t
418.jpg,4,h
419.jpg,1,h
420.jpg,4,t
421.jpg,4,t
422.jpg,4,l
423.jpg,4,t
424.jpg,0,
425.jpg,4,t
426.jpg,4,t
427.jpg,4,l
428.jpg,4,t
429.jpg,4,t
430.jpg,4,t
431.jpg,4,l
432.jpg,4,m
433.jpg,4,l
434.jpg,2,g
435.jpg,4,h
436.jpg,4,l
437.jpg,2,t
438.jpg,4,h
439.jpg,4,l
440.jpg,1,k
441.jpg,4,l
442.jpg,1,h
443.jpg,4,t
444.jpg,4,l
445.jpg,4,l
446.jpg,4,l
447.jpg,4,l
448.jpg,1,h
449.jpg,1,h
450.jpg,1,k
451.jpg,4,t
452.jpg,4,t
453.jpg,4,t
454.jpg,1,t
455.jpg,4,l
456.jpg,5,
457.jpg,4,t
458.jpg,4,l
459.jpg,4,h
460.jpg,4,t
461.jpg,4,h
462.jpg,1,h
463.jpg,4,t
464.jpg,4,l
465.jpg,1,h
466.jpg,1,k
467.jpg,4,l
468.jpg,4,t
469.jpg,4,t
470.jpg,4,l
471.jpg,2,g
472.jpg,4,k
473.jpg,4,h
474.jpg,2,h
475.jpg,4,l
476.jpg,1,h
477.jpg,4,h
478.jpg,0,
479.jpg,4,k
480.jpg,1,k
481.jpg,2,g
482.jpg,1,k
483.jpg,4,t
484.jpg,4,l
485.jpg,4,l
486.jpg,4,l
487.jpg,2,t
488.jpg,4,l
489.jpg,5,
490.jpg,1,h
491.jpg,4,h
492.jpg,4,t
493.jpg,4,l
494.jpg,4,l
495.jpg,4,l
496.jpg,4,h
497.jpg,4,t
498.jpg,4,l
499.jpg,4,t
500.jpg,1,k
501.jpg,1,h
502.jpg,4,t
503.jpg,4,t
504.jpg,4,t
505.jpg,4,t
506.jpg,2,h
507.jpg,4,l
508.jpg,1,h
509.jpg,1,h
510.jpg,4,k
511.jpg,4,l
512.jpg,4,l
513.jpg,1,k
514.jpg,4,l
515.jpg,4,l
516.jpg,4,t
517.jpg,4,t
518.jpg,4,t
519.jpg,4,t
520.jpg,4,t
521.jpg,4,l
522.jpg,4,l
523.jpg,4,l
524.jpg,1,h
525.jpg,4,t
526.jpg,1,h
527.jpg,4,l
528.jpg,4,t
529.jpg,4,l
530.jpg,1,h
531.jpg,1,h
532.jpg,4,l
533.jpg,4,l
534.jpg,4,m
535.jpg,4,l
536.jpg,4,l
537.jpg,2,h
538.jpg,2,k
539.jpg,1,k
540.jpg,1,h
541.jpg,1,h
542.jpg,4,l
543.jpg,4,l
544.jpg,4,l
545.jpg,1,h
546.jpg,4,t
547.jpg,4,t
548.jpg,4,t
549.jpg,4,h
550.jpg,4,l
551.jpg,4,h
552.jpg,4,t
553.jpg,4,h
554.jpg,4,h
555.jpg,4,l
556.jpg,4,t
557.jpg,0,
558.jpg,4,h
559.jpg,4,h
560.jpg,4,l
561.jpg,4,h
562.jpg,2,t
563.jpg,1,k
564.jpg,4,k
565.jpg,4,l
566.jpg,2,t
567.jpg,4,t
568.jpg,4,l
569.jpg,4,t
570.jpg,4,t
571.jpg,4,l
572.jpg,4,l
573.jpg,4,l
574.jpg,1,k
575.jpg,1,k
576.jpg,4,l
577.jpg,2,g
578.jpg,4,l
579.jpg,4,t
580.jpg,4,t
581.jpg,1,h
582.jpg,1,h
583.jpg,5,
584.jpg,0,
585.jpg,0,
586.jpg,1,k
587.jpg,4,l
588.jpg,4,t
589.jpg,4,k
590.jpg,4,t
591.jpg,2,k
592.jpg,4,l
593.jpg,4,l
594.jpg,1,h
595.jpg,4,t
596.jpg,4,l
597.jpg,4,l
598.jpg,4,t
599.jpg,4,t
600.jpg,0,
601.jpg,1,k
602.jpg,4,t
603.jpg,4,l
604.jpg,4,l
605.jpg,4,l
606.jpg,4,t
607.jpg,4,l
608.jpg,4,t
609.jpg,4,t
610.jpg,4,h
611.jpg,4,t
612.jpg,2,g
613.jpg,2,g
614.jpg,1,k
615.jpg,4,h
616.jpg,4,t
617.jpg,4,l
618.jpg,4,l
619.jpg,4,k
620.jpg,1,h
621.jpg,4,t
622.jpg,4,t
623.jpg,1,h
624.jpg,1,h
625.jpg,1,k
626.jpg,4,l
627.jpg,4,l
628.jpg,4,t
629.jpg,4,l
630.jpg,4,t
631.jpg,1,k
632.jpg,4,l
633.jpg,2,t
634.jpg,4,l
635.jpg,4,h
636.jpg,4,h
637.jpg,4,h
638.jpg,4,l
639.jpg,2,t
640.jpg,4,k
641.jpg,4,h
642.jpg,4,m
643.jpg,2,k
644.jpg,2,k
645.jpg,4,l
646.jpg,2,k
647.jpg,4,l
648.jpg,2,g
649.jpg,2,t
650.jpg,4,l
651.jpg,4,k
652.jpg,4,l
653.jpg,1,k
654.jpg,4,t
655.jpg,4,l
656.jpg,2,g
657.jpg,4,l
658.jpg,4,l
659.jpg,0,
660.jpg,4,l
661.jpg,2,t
662.jpg,4,l
663.jpg,4,l
664.jpg,4,l
665.jpg,4,l
666.jpg,4,l
667.jpg,4,t
668.jpg,2,t
669.jpg,2,g
670.jpg,4,t
671.jpg,4,l
672.jpg,2,g
673.jpg,1,k
674.jpg,4,h
675.jpg,4,h
676.jpg,4,t
677.jpg,4,l
678.jpg,1,h
679.jpg,1,h
680.jpg,4,l
681.jpg,5,
682.jpg,4,t
683.jpg,1,k
684.jpg,1,k
685.jpg,4,t
686.jpg,4,t
687.jpg,4,l
688.jpg,4,l
689.jpg,4,l
690.jpg,4,t
691.jpg,4,t
692.jpg,1,h
693.jpg,4,l
694.jpg,2,t
695.jpg,4,l
696.jpg,4,l
697.jpg,4,l
698.jpg,4,l
699.jpg,2,g
700.jpg,4,l
701.jpg,4,l
702.jpg,4,l
703.jpg,4,l
704.jpg,4,l
705.jpg,4,l
706.jpg,2,t
707.jpg,2,t
708.jpg,1,t
709.jpg,0,
710.jpg,2,g
711.jpg,2,g
712.jpg,1,h
713.jpg,4,t
714.jpg,4,l
715.jpg,4,l
716.jpg,1,h
717.jpg,4,k
718.jpg,2,k
719.jpg,4,k
720.jpg,2,g
721.jpg,2,g
722.jpg,1,k
723.jpg,2,k
724.jpg,4,h
725.jpg,4,t
726.jpg,1,h
727.jpg,4,l
728.jpg,4,l
729.jpg,4,t
730.jpg,4,t
731.jpg,4,l
732.jpg,4,l
733.jpg,4,l
734.jpg,4,h
735.jpg,4,l
736.jpg,4,h
737.jpg,0,
738.jpg,1,k
739.jpg,4,k
740.jpg,4,l
741.jpg,4,l
742.jpg,4,t
743.jpg,1,h
744.jpg,2,t
745.jpg,4,l
746.jpg,4,h
747.jpg,1,k
748.jpg,4,t
749.jpg,1,h
750.jpg,4,t
751.jpg,4,t
752.jpg,4,m
753.jpg,4,l
754.jpg,1,k
755.jpg,0,
756.jpg,5,
757.jpg,4,t
758.jpg,4,l
759.jpg,2,t
760.jpg,4,l
761.jpg,4,l
762.jpg,4,t
763.jpg,4,l
764.jpg,1,h
765.jpg,4,t
766.jpg,4,k
767.jpg,4,h
768.jpg,4,t
769.jpg,4,l
770.jpg,4,t
771.jpg,4,l
772.jpg,1,k
773.jpg,1,k
774.jpg,4,h
775.jpg,2,k
776.jpg,1,h
777.jpg,4,l
778.jpg,4,t
779.jpg,4,l
780.jpg,4,l
781.jpg,4,l
782.jpg,4,l
783.jpg,4,l
784.jpg,4,t
785.jpg,4,t
786.jpg,4,l
787.jpg,2,t
788.jpg,4,l
789.jpg,4,h
790.jpg,4,h
791.jpg,4,k
792.jpg,1,h
793.jpg,1,k
794.jpg,4,h
795.jpg,2,t
796.jpg,1,k
797.jpg,4,t
798.jpg,2,h
799.jpg,2,g
800.jpg,4,l
801.jpg,4,h
802.jpg,4,h
803.jpg,4,l
804.jpg,4,h
805.jpg,4,l
806.jpg,1,h
807.jpg,1,h
808.jpg,4,h
809.jpg,4,k
810.jpg,4,l
811.jpg,4,l
812.jpg,4,l
813.jpg,4,l
814.jpg,4,l
815.jpg,4,h
816.jpg,2,h
817.jpg,4,l
818.jpg,4,l
819.jpg,4,l
820.jpg,4,l
821.jpg,4,t
822.jpg,1,k
823.jpg,4,l
824.jpg,4,l
825.jpg,4,l
826.jpg,4,l
827.jpg,4,h
828.jpg,4,h
829.jpg,1,k
830.jpg,2,g
831.jpg,4,h
832.jpg,1,k
833.jpg,0,
834.jpg,1,k
835.jpg,2,h
836.jpg,4,h
837.jpg,4,h
838.jpg,0,
839.jpg,0,
840.jpg,0,
841.jpg,4,k
842.jpg,4,h
843.jpg,0,
844.jpg,0,
845.jpg,0,
846.jpg,0,
847.jpg,0,
848.jpg,0,
849.jpg,4,l
850.jpg,4,l
851.jpg,0,
852.jpg,4,l
853.jpg,4,l
854.jpg,4,l
855.jpg,4,l
856.jpg,4,l
857.jpg,1,t
858.jpg,1,k
859.jpg,4,l
860.jpg,4,l
861.jpg,4,l
862.jpg,1,k
863.jpg,4,l
864.jpg,4,t
865.jpg,4,t
866.jpg,4,l
867.jpg,4,t
868.jpg,4,h
869.jpg,4,l
870.jpg,4,l
871.jpg,4,h
872.jpg,2,t
873.jpg,4,l
874.jpg,4,t
875.jpg,4,l
876.jpg,4,l
877.jpg,4,l
878.jpg,2,g
879.jpg,2,g
880.jpg,4,l
881.jpg,4,l
882.jpg,4,l
883.jpg,4,l
884.jpg,4,l
885.jpg,4,l
886.jpg,4,l
887.jpg,1,k
888.jpg,4,l
889.jpg,1,k
890.jpg,4,k
891.jpg,2,g
892.jpg,4,t
893.jpg,2,h
894.jpg,4,l
895.jpg,4,l
896.jpg,4,l
897.jpg,4,t
898.jpg,2,k
899.jpg,2,k
900.jpg,4,k
901.jpg,2,g
902.jpg,4,t
903.jpg,2,g
904.jpg,4,l
905.jpg,4,l
906.jpg,4,l
907.jpg,4,l
908.jpg,2,k
909.jpg,2,k
910.jpg,4,t
911.jpg,4,l
912.jpg,4,l
913.jpg,4,l
914.jpg,4,h
915.jpg,2,g
916.jpg,1,k
917.jpg,4,l
918.jpg,4,l
919.jpg,1,k
920.jpg,1,k
921.jpg,4,l
922.jpg,4,t
923.jpg,4,l
924.jpg,4,k
925.jpg,4,l
926.jpg,4,l
927.jpg,4,l
928.jpg,0,
929.jpg,0,
930.jpg,4,l
931.jpg,0,
932.jpg,0,
933.jpg,0,
934.jpg,0,
935.jpg,2,g
936.jpg,1,h
937.jpg,4,l
938.jpg,0,
939.jpg,0,
940.jpg,4,k
941.jpg,1,h
942.jpg,4,l
943.jpg,4,l
944.jpg,4,h
945.jpg,2,g
946.jpg,1,k
947.jpg,4,l
948.jpg,4,l
949.jpg,4,l
950.jpg,4,l
951.jpg,4,t
952.jpg,4,l
953.jpg,1,k
954.jpg,4,h
955.jpg,4,l
956.jpg,4,l
957.jpg,1,k
958.jpg,1,k
959.jpg,4,l
960.jpg,4,l
961.jpg,4,t
962.jpg,4,t
963.jpg,4,h
964.jpg,1,k
965.jpg,1,k
966.jpg,4,l
967.jpg,4,l
968.jpg,4,l
969.jpg,0,
970.jpg,4,l
971.jpg,4,l
972.jpg,4,l
973.jpg,4,l
974.jpg,2,t
975.jpg,4,l
976.jpg,4,l
977.jpg,0,
978.jpg,4,t
979.jpg,4,l
980.jpg,4,m
981.jpg,4,l
982.jpg,4,t
983.jpg,4,l
984.jpg,4,t
985.jpg,4,l
986.jpg,4,l
987.jpg,4,l
988.jpg,4,k
989.jpg,1,h
990.jpg,4,l
991.jpg,4,l
992.jpg,4,t
993.jpg,4,l
994.jpg,4,t
995.jpg,2,g
996.jpg,4,l
997.jpg,1,h
998.jpg,4,k
999.jpg,2,t
1000.jpg,4,l
1001.jpg,4,k
1002.jpg,4,t
1003.jpg,4,l
1004.jpg,1,k
1005.jpg,4,t
1006.jpg,4,l
1007.jpg,2,g
1008.jpg,1,k
1009.jpg,1,k
1010.jpg,1,k
1011.jpg,1,h
1012.jpg,1,k
1013.jpg,4,k
1014.jpg,0,
1015.jpg,4,l
1016.jpg,4,l
1017.jpg,2,g
1018.jpg,4,l
1019.jpg,4,l
1020.jpg,1,k
1021.jpg,4,t
1022.jpg,1,h
1023.jpg,2,g
1024.jpg,2,g
1025.jpg,4,t
1026.jpg,4,l
1027.jpg,4,l
1028.jpg,4,k
1029.jpg,4,t
1030.jpg,1,k
1031.jpg,1,k
1032.jpg,4,t
1033.jpg,4,k
1034.jpg,4,l
1035.jpg,1,k
1036.jpg,2,h
1037.jpg,2,g
1038.jpg,1,h
1039.jpg,4,m
1040.jpg,0,
1041.jpg,0,
1042.jpg,0,
1043.jpg,4,l
1044.jpg,4,l
1045.jpg,0,
1046.jpg,1,k
1047.jpg,4,t
1048.jpg,1,h
1049.jpg,1,k
1050.jpg,4,l
1051.jpg,1,h
1052.jpg,4,l
1053.jpg,4,t
1054.jpg,4,l
1055.jpg,1,k
1056.jpg,4,l
1057.jpg,4,l
1058.jpg,4,l
1059.jpg,4,l
1060.jpg,4,l
1061.jpg,4,l
1062.jpg,4,l
1063.jpg,4,l
1064.jpg,4,l
1065.jpg,4,l
1066.jpg,4,l
1067.jpg,4,l
1068.jpg,4,l
1069.jpg,4,h
1070.jpg,4,l
1071.jpg,4,l
1072.jpg,2,t
1073.jpg,4,l
1074.jpg,4,h
1075.jpg,4,h
1076.jpg,4,l
1077.jpg,1,k
1078.jpg,4,l
1079.jpg,4,l
1080.jpg,4,l
1081.jpg,4,l
1082.jpg,4,h
1083.jpg,4,t
1084.jpg,4,h
1085.jpg,1,h
1086.jpg,2,g
1087.jpg,2,g
1088.jpg,4,l
1089.jpg,4,l
1090.jpg,4,k
1091.jpg,1,k
1092.jpg,4,l
1093.jpg,4,l
1094.jpg,4,t
1095.jpg,4,h
1096.jpg,4,l
1097.jpg,4,l
1098.jpg,4,h
1099.jpg,4,t
1100.jpg,4,l
1101.jpg,4,h
1102.jpg,1,h
1103.jpg,1,k
1104.jpg,1,h
1105.jpg,1,h
1106.jpg,1,k
1107.jpg,1,h
1108.jpg,1,k
1109.jpg,1,k
1110.jpg,1,k
1111.jpg,4,l
1112.jpg,4,l
1113.jpg,4,l
1114.jpg,4,l
1115.jpg,4,t
1116.jpg,4,l
1117.jpg,4,l
1118.jpg,2,g
1119.jpg,4,l
1120.jpg,4,l
1121.jpg,1,k
1122.jpg,2,g
1123.jpg,4,l
1124.jpg,2,g
1125.jpg,4,l
1126.jpg,4,l
1127.jpg,4,l
1128.jpg,4,l
1129.jpg,4,l
1130.jpg,1,k
1131.jpg,4,l
1132.jpg,1,t
1133.jpg,4,l
1134.jpg,4,t
1135.jpg,4,l
1136.jpg,4,l
1137.jpg,4,l
1138.jpg,4,l
1139.jpg,0,
1140.jpg,1,k
1141.jpg,4,l
1142.jpg,0,
1143.jpg,0,
1144.jpg,0,
1145.jpg,0,
1146.jpg,0,
1147.jpg,0,
1148.jpg,4,l
1149.jpg,4,m
1150.jpg,0,
1151.jpg,0,
1152.jpg,4,l
1153.jpg,0,
1154.jpg,0,
1155.jpg,1,k
1156.jpg,4,t
1157.jpg,4,l
1158.jpg,4,l
1159.jpg,4,t
1160.jpg,4,l
1161.jpg,4,l
1162.jpg,4,l
1163.jpg,4,l
1164.jpg,4,l
1165.jpg,4,l
1166.jpg,4,l
1167.jpg,4,t
1168.jpg,4,l
1169.jpg,4,l
1170.jpg,4,l
1171.jpg,4,l
1172.jpg,4,l
1173.jpg,1,k
1174.jpg,4,l
1175.jpg,4,l
1176.jpg,4,l
1177.jpg,4,t
1178.jpg,4,l
1179.jpg,4,l
1180.jpg,4,k
1181.jpg,2,g
1182.jpg,1,h
1183.jpg,4,l
1184.jpg,4,l
1185.jpg,4,l
1186.jpg,0,
1187.jpg,4,l
1188.jpg,4,l
1189.jpg,4,l
1190.jpg,4,l
1191.jpg,4,k
1192.jpg,4,l
1193.jpg,2,g
1194.jpg,4,l
1195.jpg,4,l
1196.jpg,4,t
1197.jpg,4,l
1198.jpg,2,k
1199.jpg,4,l
1200.jpg,4,l
1201.jpg,4,l
1202.jpg,4,l
1203.jpg,4,l
1204.jpg,4,l
1205.jpg,4,l
1206.jpg,2,k
1207.jpg,1,k
1208.jpg,4,l
1209.jpg,4,l
1210.jpg,4,l
1211.jpg,4,l
1212.jpg,4,l
1213.jpg,2,g
1214.jpg,4,l
1215.jpg,4,l
1216.jpg,1,h
1217.jpg,1,h
1218.jpg,1,h
1219.jpg,2,k
1220.jpg,1,h
1221.jpg,1,h
1222.jpg,1,h
1223.jpg,1,h
1224.jpg,1,h
1225.jpg,1,h
1226.jpg,4,l
1227.jpg,4,l
1228.jpg,4,l
1229.jpg,4,l
1230.jpg,4,l
1231.jpg,1,k
1232.jpg,4,l
1233.jpg,4,l
1234.jpg,2,g
1235.jpg,4,l
1236.jpg,4,l
1237.jpg,1,k
1238.jpg,1,h
1239.jpg,4,t
1240.jpg,5,
1241.jpg,4,l
1242.jpg,5,
1243.jpg,4,t
1244.jpg,1,k
1245.jpg,4,l
1246.jpg,4,h
1247.jpg,1,k
1248.jpg,1,k
1249.jpg,4,t
1250.jpg,4,l
1251.jpg,1,k
1252.jpg,2,g
1253.jpg,5,
1254.jpg,1,h
1255.jpg,0,
1256.jpg,0,
1257.jpg,0,
1258.jpg,0,
1259.jpg,0,
1260.jpg,4,l
1261.jpg,4,t
1262.jpg,4,t
1263.jpg,2,k
1264.jpg,4,l
1265.jpg,4,l
1266.jpg,4,l
1267.jpg,4,t
1268.jpg,4,l
1269.jpg,4,l
1270.jpg,4,l
1271.jpg,4,l
1272.jpg,4,h
1273.jpg,4,l
1274.jpg,4,l
1275.jpg,1,k
1276.jpg,4,l
1277.jpg,4,t
1278.jpg,4,l
1279.jpg,4,t
1280.jpg,4,m
1281.jpg,1,k
1282.jpg,1,k
1283.jpg,1,k
1284.jpg,4,t
1285.jpg,0,
1286.jpg,1,k
1287.jpg,1,k
1288.jpg,4,l
1289.jpg,4,l
1290.jpg,4,l
1291.jpg,4,l
1292.jpg,4,l
1293.jpg,4,l
1294.jpg,4,l
1295.jpg,4,l
1296.jpg,4,m
1297.jpg,4,l
1298.jpg,4,l
1299.jpg,4,l
1300.jpg,4,l
1301.jpg,4,h
1302.jpg,2,h
1303.jpg,4,t
1304.jpg,4,l
1305.jpg,1,k
1306.jpg,4,t
1307.jpg,4,l
1308.jpg,1,k
1309.jpg,1,k
1310.jpg,1,k
1311.jpg,1,k
1312.jpg,1,k
1313.jpg,1,k
1314.jpg,1,k
1315.jpg,4,t
1316.jpg,1,h
1317.jpg,4,l
1318.jpg,4,l
1319.jpg,4,l
1320.jpg,4,l
1321.jpg,4,l
1322.jpg,4,l
1323.jpg,4,l
1324.jpg,4,l
1325.jpg,4,l
1326.jpg,4,l
1327.jpg,4,h
1328.jpg,4,l
1329.jpg,4,l
1330.jpg,1,k
1331.jpg,4,l
1332.jpg,4,t
1333.jpg,4,l
1334.jpg,4,l
1335.jpg,4,l
1336.jpg,1,k
1337.jpg,1,k
1338.jpg,1,k
1339.jpg,4,t
1340.jpg,0,
1341.jpg,1,k
1342.jpg,1,k
1343.jpg,4,l
1344.jpg,4,l
1345.jpg,4,t
1346.jpg,4,l
1347.jpg,4,h
1348.jpg,1,k
1349.jpg,2,h
1350.jpg,4,l
1351.jpg,2,g
1352.jpg,0,
1353.jpg,4,l
1354.jpg,4,l
1355.jpg,4,l
1356.jpg,4,l
1357.jpg,4,l
1358.jpg,4,l
1359.jpg,4,l
1360.jpg,4,l
1361.jpg,4,l
1362.jpg,4,h
1363.jpg,4,l
1364.jpg,4,l
1365.jpg,4,l
1366.jpg,1,k
1367.jpg,4,l
1368.jpg,2,g
1369.jpg,2,k
1370.jpg,4,l
1371.jpg,4,l
1372.jpg,1,h
1373.jpg,4,l
1374.jpg,5,
1375.jpg,4,t
1376.jpg,4,l
1377.jpg,4,l
1378.jpg,4,l
1379.jpg,4,l
1380.jpg,4,l
1381.jpg,4,l
1382.jpg,4,l
1383.jpg,1,h
1384.jpg,4,l
1385.jpg,4,l
1386.jpg,4,l
1387.jpg,4,l
1388.jpg,4,h
1389.jpg,2,g
1390.jpg,1,h
1391.jpg,4,l
1392.jpg,4,l
1393.jpg,4,l
1394.jpg,4,l
1395.jpg,4,l
1396.jpg,4,l
1397.jpg,0,
1398.jpg,4,l
1399.jpg,4,l
1400.jpg,4,l
1401.jpg,1,k
1402.jpg,1,h
1403.jpg,1,l
1404.jpg,1,h
1405.jpg,4,l
1406.jpg,4,l
1407.jpg,4,l
1408.jpg,4,l
1409.jpg,4,l
1410.jpg,4,l
1411.jpg,4,l
1412.jpg,4,l
1413.jpg,2,g
1414.jpg,4,l
1415.jpg,4,l
1416.jpg,4,l
1417.jpg,1,h
1418.jpg,4,l
1419.jpg,4,l
1420.jpg,4,l
1421.jpg,4,l
1422.jpg,4,l
1423.jpg,4,l
1424.jpg,2,k
1425.jpg,4,l
1426.jpg,4,l
1427.jpg,4,l
1428.jpg,4,l
1429.jpg,4,l
1430.jpg,4,h
1431.jpg,2,k
1432.jpg,4,l
1433.jpg,4,l
1434.jpg,4,l
1435.jpg,4,l
1436.jpg,4,l
1437.jpg,4,l
1438.jpg,4,l
1439.jpg,2,k
1440.jpg,4,l
1441.jpg,4,l
1442.jpg,4,l
1443.jpg,4,l
1444.jpg,2,g
1445.jpg,4,l
1446.jpg,4,l
1447.jpg,4,l
1448.jpg,1,h
1449.jpg,4,l
1450.jpg,4,t
1451.jpg,1,k
1452.jpg,2,g
1453.jpg,4,l
1454.jpg,2,k
1455.jpg,4,k
1456.jpg,4,l
1457.jpg,4,l
1458.jpg,4,l
1459.jpg,4,l
1460.jpg,1,k
1461.jpg,4,l
1462.jpg,4,l
1463.jpg,4,l
1464.jpg,4,l
1465.jpg,4,l
1466.jpg,4,l
1467.jpg,4,l
1468.jpg,0,
1469.jpg,4,l
1470.jpg,1,h
1471.jpg,4,l
1472.jpg,4,l
1473.jpg,1,h
1474.jpg,4,l
1475.jpg,4,l
1476.jpg,4,l
1477.jpg,2,g
1478.jpg,4,l
1479.jpg,4,l
1480.jpg,2,t
1481.jpg,1,h
1482.jpg,1,k
1483.jpg,4,l
1484.jpg,0,
1485.jpg,1,h
1486.jpg,2,g
1487.jpg,2,k
1488.jpg,4,l
1489.jpg,1,h
1490.jpg,1,k
1491.jpg,1,h
1492.jpg,4,t
1493.jpg,4,l
1494.jpg,4,l
1495.jpg,4,l
1496.jpg,5,
1497.jpg,4,l
1498.jpg,4,l
1499.jpg,4,t
1500.jpg,4,l
1501.jpg,4,l
1502.jpg,1,k
1503.jpg,4,l
1504.jpg,4,l
1505.jpg,4,l
1506.jpg,1,k
1507.jpg,4,l
1508.jpg,4,l
1509.jpg,4,l
1510.jpg,1,k
1511.jpg,4,t
1512.jpg,4,l
1513.jpg,4,l
1514.jpg,4,l
1515.jpg,1,h
1516.jpg,1,h
1517.jpg,4,t
1518.jpg,2,t
1519.jpg,4,l
1520.jpg,4,l
1521.jpg,1,h
1522.jpg,4,l
1523.jpg,4,l
1524.jpg,4,l
1525.jpg,4,l
1526.jpg,4,l
1527.jpg,4,l
1528.jpg,4,l
1529.jpg,4,l
1530.jpg,4,l
1531.jpg,4,l
1532.jpg,4,t
1533.jpg,4,t
1534.jpg,4,l
1535.jpg,4,l
1536.jpg,4,m
1537.jpg,4,t
1538.jpg,4,l
1539.jpg,4,l
1540.jpg,4,l
1541.jpg,1,h
1542.jpg,4,l
1543.jpg,4,l
1544.jpg,4,l
1545.jpg,4,l
1546.jpg,4,l
1547.jpg,4,l
1548.jpg,2,k
1549.jpg,4,l
1550.jpg,4,t
1551.jpg,4,l
1552.jpg,4,l
1553.jpg,4,l
1554.jpg,4,l
1555.jpg,4,l
1556.jpg,5,
1557.jpg,4,k
1558.jpg,4,l
1559.jpg,1,h
1560.jpg,4,l
1561.jpg,4,l
1562.jpg,2,g
1563.jpg,2,g
1564.jpg,4,l
1565.jpg,5,
1566.jpg,4,l
1567.jpg,1,k
1568.jpg,4,l
1569.jpg,1,t
1570.jpg,4,l
1571.jpg,2,t
1572.jpg,4,l
1573.jpg,4,k
1574.jpg,4,l
1575.jpg,4,l
1576.jpg,4,l
1577.jpg,4,l
1578.jpg,1,t
1579.jpg,4,t
1580.jpg,4,l
1581.jpg,4,k
1582.jpg,4,l
1583.jpg,4,l
1584.jpg,4,l
1585.jpg,1,k
1586.jpg,4,l
1587.jpg,4,l
1588.jpg,4,l
1589.jpg,4,l
1590.jpg,5,
1591.jpg,5,
1592.jpg,4,t
1593.jpg,2,g
1594.jpg,2,t
1595.jpg,4,l
1596.jpg,1,h
1597.jpg,4,l
1598.jpg,4,l
1599.jpg,4,l
1600.jpg,4,t
1601.jpg,1,k
1602.jpg,4,l
1603.jpg,4,l
1604.jpg,1,h
1605.jpg,4,m
1606.jpg,1,k
1607.jpg,1,t
1608.jpg,4,l
1609.jpg,2,k
1610.jpg,4,l
1611.jpg,4,l
1612.jpg,4,l
1613.jpg,4,l
1614.jpg,4,l
1615.jpg,1,k
1616.jpg,4,l
1617.jpg,4,l
1618.jpg,4,k
1619.jpg,4,l
1620.jpg,4,l
1621.jpg,2,k
1622.jpg,4,l
1623.jpg,4,l
1624.jpg,4,l
1625.jpg,1,k
1626.jpg,4,l
1627.jpg,4,l
1628.jpg,4,l
1629.jpg,4,l
1630.jpg,4,t
1631.jpg,4,l
1632.jpg,4,l
1633.jpg,4,t
1634.jpg,4,l
1635.jpg,1,h
1636.jpg,4,l
1637.jpg,1,h
1638.jpg,4,l
1639.jpg,4,l
1640.jpg,4,l
1641.jpg,1,t
1642.jpg,4,l
1643.jpg,4,l
1644.jpg,1,h
1645.jpg,4,l
1646.jpg,4,l
1647.jpg,4,l
1648.jpg,4,l
1649.jpg,4,l
1650.jpg,4,l
1651.jpg,4,l
1652.jpg,2,g
1653.jpg,4,t
1654.jpg,1,h
1655.jpg,4,l
1656.jpg,4,l
1657.jpg,4,l
1658.jpg,4,l
1659.jpg,4,l
1660.jpg,4,l
1661.jpg,4,l
1662.jpg,4,t
1663.jpg,4,l
1664.jpg,4,l
1665.jpg,1,k
1666.jpg,1,k
1667.jpg,4,l
1668.jpg,4,l
1669.jpg,4,k
1670.jpg,4,l
1671.jpg,4,l
1672.jpg,4,l
1673.jpg,4,l
1674.jpg,4,l
1675.jpg,4,l
1676.jpg,4,l
1677.jpg,4,l
1678.jpg,1,k
1679.jpg,1,k
1680.jpg,4,l
1681.jpg,4,l
1682.jpg,4,l
1683.jpg,4,l
1684.jpg,4,l
1685.jpg,1,h
1686.jpg,4,l
1687.jpg,4,l
1688.jpg,4,l
1689.jpg,4,l
1690.jpg,4,l
1691.jpg,4,l
1692.jpg,4,l
1693.jpg,1,k
1694.jpg,4,l
1695.jpg,4,l
1696.jpg,4,l
1697.jpg,1,k
1698.jpg,4,t
1699.jpg,4,l
1700.jpg,4,l
1701.jpg,4,l
1702.jpg,4,l
1703.jpg,2,t
1704.jpg,4,t
1705.jpg,4,l
1706.jpg,4,l
1707.jpg,4,l
1708.jpg,4,l
1709.jpg,4,t
1710.jpg,1,k
1711.jpg,4,l
1712.jpg,1,k
1713.jpg,4,l
1714.jpg,4,l
1715.jpg,4,l
1716.jpg,2,g
1717.jpg,4,l
1718.jpg,2,g
1719.jpg,4,l
1720.jpg,4,l
1721.jpg,4,l
1722.jpg,4,l
1723.jpg,2,t
1724.jpg,4,l
1725.jpg,4,l
1726.jpg,4,l
1727.jpg,4,l
1728.jpg,4,l
1729.jpg,4,l
1730.jpg,4,l
1731.jpg,0,
1732.jpg,4,l
1733.jpg,4,l
1734.jpg,4,m
1735.jpg,4,l
1736.jpg,2,t
1737.jpg,4,l
1738.jpg,1,k
1739.jpg,4,l
1740.jpg,4,l
1741.jpg,2,g
1742.jpg,4,l
1743.jpg,4,m
1744.jpg,4,l
1745.jpg,4,l
1746.jpg,4,l
1747.jpg,4,l
1748.jpg,1,h
1749.jpg,4,l
1750.jpg,4,h
1751.jpg,2,k
1752.jpg,4,l
1753.jpg,4,l
1754.jpg,4,t
1755.jpg,4,l
1756.jpg,1,k
1757.jpg,4,t
1758.jpg,5,
1759.jpg,4,l
1760.jpg,4,l
1761.jpg,4,l
1762.jpg,4,l
1763.jpg,4,l
1764.jpg,4,l
1765.jpg,1,k
1766.jpg,4,l
1767.jpg,4,l
1768.jpg,4,t
1769.jpg,4,t
1770.jpg,2,g
1771.jpg,4,l
1772.jpg,4,l
1773.jpg,4,l
1774.jpg,2,g
1775.jpg,4,l
1776.jpg,4,l
1777.jpg,4,l
1778.jpg,1,h
1779.jpg,4,t
1780.jpg,4,l
1781.jpg,4,l
1782.jpg,4,l
1783.jpg,4,l
1784.jpg,4,k
1785.jpg,1,k
1786.jpg,4,l
1787.jpg,1,k
1788.jpg,1,k
1789.jpg,2,t
1790.jpg,4,l
1791.jpg,4,k
1792.jpg,4,l
1793.jpg,0,
1794.jpg,4,l
1795.jpg,4,l
1796.jpg,4,l
1797.jpg,1,k
1798.jpg,4,l
1799.jpg,4,l
1800.jpg,4,t
1801.jpg,4,t
1802.jpg,4,m
1803.jpg,4,t
1804.jpg,1,k
1805.jpg,4,l
1806.jpg,4,l
1807.jpg,4,l
1808.jpg,4,l
1809.jpg,4,l
1810.jpg,4,l
1811.jpg,4,t
1812.jpg,4,l
1813.jpg,2,h
1814.jpg,4,l
1815.jpg,1,h
1816.jpg,4,t
1817.jpg,4,t
1818.jpg,4,l
1819.jpg,4,l
1820.jpg,1,h
1821.jpg,4,l
1822.jpg,4,k
1823.jpg,4,h
1824.jpg,0,
1825.jpg,4,l
1826.jpg,4,l
1827.jpg,2,g
1828.jpg,4,m
1829.jpg,4,l
1830.jpg,4,t
1831.jpg,1,k
1832.jpg,4,l
1833.jpg,4,h
1834.jpg,4,l
1835.jpg,4,l
1836.jpg,1,k
1837.jpg,0,
1838.jpg,4,l
1839.jpg,1,k
1840.jpg,4,l
1841.jpg,5,
1842.jpg,4,l
1843.jpg,4,l
1844.jpg,4,t
1845.jpg,1,t
1846.jpg,2,k
1847.jpg,4,l
1848.jpg,4,l
1849.jpg,4,t
1850.jpg,4,l
1851.jpg,1,h
1852.jpg,0,
1853.jpg,4,l
1854.jpg,4,l
1855.jpg,4,l
1856.jpg,1,h
1857.jpg,1,h
1858.jpg,4,l
1859.jpg,4,l
1860.jpg,4,t
1861.jpg,2,t
1862.jpg,4,l
1863.jpg,4,l
1864.jpg,4,t
1865.jpg,4,l
1866.jpg,4,t
1867.jpg,1,k
1868.jpg,2,g
1869.jpg,2,g
1870.jpg,2,g
1871.jpg,2,g
1872.jpg,1,h
1873.jpg,1,h
1874.jpg,4,l
1875.jpg,4,t
1876.jpg,4,l
1877.jpg,4,l
1878.jpg,2,g
1879.jpg,1,h
1880.jpg,1,h
1881.jpg,4,l
1882.jpg,4,l
1883.jpg,4,l
1884.jpg,4,l
1885.jpg,4,h
1886.jpg,1,h
1887.jpg,4,l
1888.jpg,4,l
1889.jpg,4,l
1890.jpg,4,l
1891.jpg,4,t
1892.jpg,4,l
1893.jpg,4,l
1894.jpg,4,l
1895.jpg,4,l
1896.jpg,4,t
1897.jpg,0,
1898.jpg,4,l
1899.jpg,4,t
1900.jpg,1,h
1901.jpg,1,k
1902.jpg,1,h
1903.jpg,4,l
1904.jpg,4,k
1905.jpg,4,l
1906.jpg,4,l
1907.jpg,4,l
1908.jpg,4,t
1909.jpg,4,l
1910.jpg,2,g
1911.jpg,4,l
1912.jpg,4,l
1913.jpg,4,l
1914.jpg,1,h
1915.jpg,4,l
1916.jpg,4,l
1917.jpg,4,l
1918.jpg,2,g
1919.jpg,4,l
1920.jpg,1,h
1921.jpg,4,l
1922.jpg,2,t
1923.jpg,4,l
1924.jpg,4,l
1925.jpg,4,l
1926.jpg,4,l
1927.jpg,1,k
1928.jpg,1,k
1929.jpg,4,l
1930.jpg,4,l
1931.jpg,4,l
1932.jpg,0,
1933.jpg,4,l
1934.jpg,1,k
1935.jpg,1,k
1936.jpg,4,l
1937.jpg,4,l
1938.jpg,1,k
1939.jpg,2,g
1940.jpg,2,g
1941.jpg,4,l
1942.jpg,4,l
1943.jpg,2,t
1944.jpg,4,l
1945.jpg,4,l
1946.jpg,1,k
1947.jpg,4,l
1948.jpg,1,k
1949.jpg,2,g
1950.jpg,4,l
1951.jpg,1,h
1952.jpg,4,l
1953.jpg,4,m
1954.jpg,2,g
1955.jpg,4,t
1956.jpg,4,t
1957.jpg,4,t
1958.jpg,4,l
1959.jpg,4,t
1960.jpg,1,h
1961.jpg,4,l
1962.jpg,4,l
1963.jpg,2,g
1964.jpg,4,l
1965.jpg,4,t
1966.jpg,1,k
1967.jpg,4,l
1968.jpg,2,t
1969.jpg,4,m
1970.jpg,2,g
1971.jpg,4,l
1972.jpg,2,t
1973.jpg,4,l
1974.jpg,4,l
1975.jpg,4,k
1976.jpg,4,t
1977.jpg,4,l
1978.jpg,4,l
1979.jpg,4,l
1980.jpg,1,k
1981.jpg,1,k
1982.jpg,4,l
1983.jpg,4,t
1984.jpg,4,t
1985.jpg,4,l
1986.jpg,1,k
1987.jpg,4,l
1988.jpg,4,t
1989.jpg,1,h
1990.jpg,4,l
1991.jpg,4,l
1992.jpg,4,l
1993.jpg,4,l
1994.jpg,4,m
1995.jpg,1,h
1996.jpg,4,l
1997.jpg,4,l
1998.jpg,4,t
1999.jpg,1,h
2000.jpg,1,h
2001.jpg,2,t
2002.jpg,4,l
2003.jpg,4,t
2004.jpg,4,l
2005.jpg,2,t
2006.jpg,4,l
2007.jpg,4,l
2008.jpg,4,t
2009.jpg,2,t
2010.jpg,0,h
2011.jpg,4,l
2012.jpg,4,l
2013.jpg,4,l
2014.jpg,4,t
2015.jpg,4,t
2016.jpg,4,t
2017.jpg,1,h
2018.jpg,4,t
2019.jpg,4,l
2020.jpg,4,k
2021.jpg,4,l
2022.jpg,4,l
2023.jpg,4,t
2024.jpg,4,l
2025.jpg,4,l
2026.jpg,4,l
2027.jpg,4,l
2028.jpg,4,m
2029.jpg,4,k
2030.jpg,4,k
2031.jpg,2,l
2032.jpg,4,l
2033.jpg,4,l
2034.jpg,2,t
2035.jpg,4,k
2036.jpg,4,l
2037.jpg,4,t
2038.jpg,4,l
2039.jpg,4,t
2040.jpg,4,l
2041.jpg,4,l
2042.jpg,4,t
2043.jpg,4,t
2044.jpg,4,k
2045.jpg,4,k
2046.jpg,1,h
2047.jpg,4,l
2048.jpg,4,l
2049.jpg,4,t
2050.jpg,2,l
2051.jpg,2,k
2052.jpg,4,h
2053.jpg,4,l
2054.jpg,4,k
2055.jpg,0,l
2056.jpg,2,t
2057.jpg,4,l
2058.jpg,4,l
2059.jpg,4,t
2060.jpg,4,l
2061.jpg,4,l
2062.jpg,4,t
2063.jpg,4,l
2064.jpg,2,k
2065.jpg,4,l
2066.jpg,4,l
2067.jpg,4,h
2068.jpg,4,l
2069.jpg,4,l
2070.jpg,0,h
2071.jpg,4,l
2072.jpg,4,l
2073.jpg,2,t
2074.jpg,4,l
2075.jpg,4,l
2076.jpg,4,l
2077.jpg,4,l
2078.jpg,4,l
2079.jpg,4,l
2080.jpg,2,g
2081.jpg,4,l
2082.jpg,4,k
2083.jpg,4,t
2084.jpg,4,l
2085.jpg,2,h
2086.jpg,4,l
2087.jpg,2,k
2088.jpg,2,l
2089.jpg,4,h
2090.jpg,1,h
2091.jpg,4,l
2092.jpg,2,t
2093.jpg,4,l
2094.jpg,4,l
2095.jpg,4,l
2096.jpg,4,t
2097.jpg,4,l
2098.jpg,4,t
2099.jpg,4,t
2100.jpg,4,l
2101.jpg,4,t
2102.jpg,4,l
2103.jpg,4,k
2104.jpg,4,t
2105.jpg,2,g
2106.jpg,4,l
2107.jpg,4,k
2108.jpg,4,l
2109.jpg,4,t
2110.jpg,4,l
2111.jpg,4,t
2112.jpg,0,l
2113.jpg,2,h
2114.jpg,1,h
2115.jpg,4,t
2116.jpg,4,t
2117.jpg,4,t
2118.jpg,4,t
2119.jpg,4,l
2120.jpg,4,l
2121.jpg,4,t
2122.jpg,0,l
2123.jpg,2,g
2124.jpg,4,l
2125.jpg,4,h
2126.jpg,4,l
2127.jpg,4,t
2128.jpg,2,h
2129.jpg,4,h
2130.jpg,4,t
2131.jpg,1,h
2132.jpg,4,h
2133.jpg,4,h
2134.jpg,4,t
2135.jpg,2,k
2136.jpg,1,h
2137.jpg,4,l
2138.jpg,4,h
2139.jpg,2,h
2140.jpg,4,l
2141.jpg,4,l
2142.jpg,4,k
2143.jpg,2,t
2144.jpg,4,t
2145.jpg,4,h
2146.jpg,4,h
2147.jpg,1,h
2148.jpg,4,t
2149.jpg,4,l
2150.jpg,4,l
2151.jpg,1,h
2152.jpg,4,t
2153.jpg,4,l
2154.jpg,4,t
2155.jpg,4,l
2156.jpg,4,l
2157.jpg,4,t
2158.jpg,4,t
2159.jpg,4,k
2160.jpg,4,l
2161.jpg,4,l
2162.jpg,4,l
2163.jpg,4,h
2164.jpg,4,l
2165.jpg,0,l
2166.jpg,4,l
2167.jpg,4,l
2168.jpg,2,g
2169.jpg,4,l
2170.jpg,4,t
2171.jpg,4,k
2172.jpg,4,l
2173.jpg,4,l
2174.jpg,4,m
2175.jpg,4,l
2176.jpg,4,l
2177.jpg,4,t
2178.jpg,2,k
2179.jpg,4,l
2180.jpg,4,l
2181.jpg,4,t
2182.jpg,4,h
2183.jpg,0,l
2184.jpg,4,l
2185.jpg,4,l
2186.jpg,4,l
2187.jpg,4,t
2188.jpg,4,t
2189.jpg,4,t
2190.jpg,4,t
2191.jpg,4,l
2192.jpg,2,k
2193.jpg,4,l
2194.jpg,4,l
2195.jpg,4,l
2196.jpg,1,h
2197.jpg,2,t
2198.jpg,2,m
2199.jpg,4,t
2200.jpg,4,h
2201.jpg,4,l
2202.jpg,4,t
2203.jpg,1,k
2204.jpg,4,l
2205.jpg,4,m
2206.jpg,4,l
2207.jpg,1,h
2208.jpg,2,t
2209.jpg,4,t
2210.jpg,4,t
2211.jpg,4,l
2212.jpg,1,h
2213.jpg,2,t
2214.jpg,4,l
2215.jpg,4,l
2216.jpg,4,l
2217.jpg,4,l
2218.jpg,4,t
2219.jpg,4,l
2220.jpg,4,h
2221.jpg,4,t
2222.jpg,4,k
2223.jpg,1,h
2224.jpg,2,t
2225.jpg,2,k
2226.jpg,4,h
2227.jpg,4,t
2228.jpg,4,l
2229.jpg,4,l
2230.jpg,4,t
2231.jpg,4,l
2232.jpg,1,h
2233.jpg,4,l
2234.jpg,4,l
2235.jpg,4,l
2236.jpg,2,l
2237.jpg,4,t
2238.jpg,4,t
2239.jpg,4,l
2240.jpg,4,l
2241.jpg,4,k
2242.jpg,4,l
2243.jpg,4,t
2244.jpg,4,t
2245.jpg,4,l
2246.jpg,4,l
2247.jpg,1,h
2248.jpg,4,t
2249.jpg,4,t
2250.jpg,4,l
2251.jpg,4,t
2252.jpg,1,h
2253.jpg,1,h
2254.jpg,4,t
2255.jpg,1,h
2256.jpg,2,h
2257.jpg,4,l
2258.jpg,1,h
2259.jpg,4,l
2260.jpg,4,k
2261.jpg,4,l
2262.jpg,4,l
2263.jpg,2,h
2264.jpg,4,m
2265.jpg,4,l
2266.jpg,4,t
2267.jpg,1,h
2268.jpg,1,g
2269.jpg,4,h
2270.jpg,4,l
2271.jpg,4,l
2272.jpg,0,h
2273.jpg,2,g
2274.jpg,2,t
2275.jpg,4,k
2276.jpg,4,t
2277.jpg,4,k
2278.jpg,4,t
2279.jpg,4,t
2280.jpg,2,t
2281.jpg,4,l
2282.jpg,4,l
2283.jpg,4,t
2284.jpg,4,l
2285.jpg,1,k
2286.jpg,4,t
2287.jpg,4,t
2288.jpg,4,l
2289.jpg,0,h
2290.jpg,4,t
2291.jpg,4,k
2292.jpg,4,t
2293.jpg,4,l
2294.jpg,4,t
2295.jpg,4,l
2296.jpg,4,l
2297.jpg,4,l
2298.jpg,4,l
2299.jpg,4,l
2300.jpg,4,h
2301.jpg,4,h
2302.jpg,4,l
2303.jpg,4,l
2304.jpg,4,h
2305.jpg,4,h
2306.jpg,4,l
2307.jpg,4,l
2308.jpg,4,h
2309.jpg,4,h
2310.jpg,4,t
2311.jpg,4,t
2312.jpg,4,l
2313.jpg,4,l
2314.jpg,4,h
2315.jpg,4,k
2316.jpg,4,k
2317.jpg,2,k
2318.jpg,1,h
2319.jpg,4,l
2320.jpg,4,l
2321.jpg,4,t
2322.jpg,4,l
2323.jpg,4,t
2324.jpg,4,l
2325.jpg,4,l
2326.jpg,4,l
2327.jpg,4,t
2328.jpg,4,t
2329.jpg,4,l
2330.jpg,4,l
2331.jpg,4,l
2332.jpg,4,l
2333.jpg,1,h
2334.jpg,4,l
2335.jpg,4,l
2336.jpg,2,g
2337.jpg,1,h
2338.jpg,4,l
2339.jpg,4,h
2340.jpg,4,l
2341.jpg,4,t
2342.jpg,4,t
2343.jpg,1,h
2344.jpg,4,l
2345.jpg,4,l
2346.jpg,4,l
2347.jpg,4,l
2348.jpg,4,l
2349.jpg,4,h
2350.jpg,4,l
2351.jpg,4,h
2352.jpg,4,l
2353.jpg,4,l
2354.jpg,4,l
2355.jpg,2,h
2356.jpg,4,t
2357.jpg,1,h
2358.jpg,4,t
2359.jpg,2,h
2360.jpg,4,l
2361.jpg,4,t
2362.jpg,2,t
2363.jpg,4,t
2364.jpg,4,t
2365.jpg,4,h
2366.jpg,2,h
2367.jpg,4,l
2368.jpg,1,h
2369.jpg,1,k
2370.jpg,4,l
2371.jpg,4,l
2372.jpg,4,l
2373.jpg,4,l
2374.jpg,4,l
2375.jpg,4,l
2376.jpg,4,l
2377.jpg,4,l
2378.jpg,4,l
2379.jpg,4,l
2380.jpg,1,h
2381.jpg,2,g
2382.jpg,4,l
2383.jpg,4,t
2384.jpg,4,l
2385.jpg,1,k
2386.jpg,2,l
2387.jpg,4,l
2388.jpg,2,g
2389.jpg,0,l
2390.jpg,4,l
2391.jpg,0,h
2392.jpg,2,l
2393.jpg,4,h
2394.jpg,4,k
2395.jpg,4,l
2396.jpg,4,k
2397.jpg,4,l
2398.jpg,4,l
2399.jpg,4,k
2400.jpg,4,l
2401.jpg,2,k
2402.jpg,4,l
2403.jpg,4,l
2404.jpg,4,h
2405.jpg,4,l
2406.jpg,4,l
2407.jpg,4,l
2408.jpg,4,h
2409.jpg,4,t
2410.jpg,4,t
2411.jpg,4,l
2412.jpg,4,t
2413.jpg,4,l
2414.jpg,1,h
2415.jpg,4,l
2416.jpg,4,l
2417.jpg,4,h
2418.jpg,4,l
2419.jpg,4,l
2420.jpg,4,t
2421.jpg,4,l
2422.jpg,4,l
2423.jpg,4,l
2424.jpg,1,h
2425.jpg,4,l
2426.jpg,4,l
2427.jpg,4,l
2428.jpg,4,l
2429.jpg,4,l
2430.jpg,2,k
2431.jpg,2,t
2432.jpg,2,t
2433.jpg,0,l
2434.jpg,4,l
2435.jpg,4,l
2436.jpg,4,l
2437.jpg,2,g
2438.jpg,2,k
2439.jpg,4,l
2440.jpg,4,t
2441.jpg,2,t
2442.jpg,2,t
2443.jpg,4,m
2444.jpg,2,g
2445.jpg,4,l
2446.jpg,4,h
2447.jpg,1,h
2448.jpg,4,l
2449.jpg,4,l
2450.jpg,4,l
2451.jpg,2,t
2452.jpg,2,g
2453.jpg,2,k
2454.jpg,4,t
2455.jpg,2,h
2456.jpg,4,l
2457.jpg,4,t
2458.jpg,4,l
2459.jpg,4,l
2460.jpg,4,l
2461.jpg,4,l
2462.jpg,4,l
2463.jpg,4,h
2464.jpg,4,l
2465.jpg,4,h
2466.jpg,1,h
2467.jpg,2,g
2468.jpg,4,l
2469.jpg,1,t
2470.jpg,4,l
2471.jpg,4,l
2472.jpg,4,l
2473.jpg,4,k
2474.jpg,4,t
2475.jpg,4,t
2476.jpg,4,t
2477.jpg,4,h
2478.jpg,4,l
2479.jpg,4,h
2480.jpg,4,h
2481.jpg,0,h
2482.jpg,4,l
2483.jpg,4,l
2484.jpg,4,l
2485.jpg,4,k
2486.jpg,2,h
2487.jpg,2,h
2488.jpg,4,t
2489.jpg,4,t
2490.jpg,2,l
2491.jpg,4,l
2492.jpg,4,h
2493.jpg,0,h
2494.jpg,4,l
2495.jpg,4,l
2496.jpg,4,l
2497.jpg,4,k
2498.jpg,4,l
2499.jpg,4,l
2500.jpg,4,h
2501.jpg,4,l
2502.jpg,4,t
2503.jpg,4,t
2504.jpg,4,t
2505.jpg,4,t
2506.jpg,2,g
2507.jpg,4,t
2508.jpg,4,t
2509.jpg,4,k
2510.jpg,4,t
2511.jpg,1,h
2512.jpg,4,l
2513.jpg,4,l
2514.jpg,4,h
2515.jpg,4,h
2516.jpg,4,k
2517.jpg,4,l
2518.jpg,2,t
2519.jpg,4,t
2520.jpg,4,t
2521.jpg,4,t
2522.jpg,4,l
2523.jpg,2,t
2524.jpg,4,l
2525.jpg,1,h
2526.jpg,2,h
2527.jpg,4,m
2528.jpg,4,t
2529.jpg,4,l
2530.jpg,2,g
2531.jpg,2,l
2532.jpg,2,g
2533.jpg,2,l
2534.jpg,2,l
2535.jpg,4,l
2536.jpg,4,l
2537.jpg,4,l
2538.jpg,4,l
2539.jpg,4,t
2540.jpg,2,t
2541.jpg,4,l
2542.jpg,4,t
2543.jpg,4,t
2544.jpg,2,t
2545.jpg,4,t
2546.jpg,4,l
2547.jpg,4,l
2548.jpg,4,l
2549.jpg,1,h
2550.jpg,1,h
2551.jpg,4,k
2552.jpg,1,k
2553.jpg,4,l
2554.jpg,4,l
2555.jpg,4,l
2556.jpg,4,l
2557.jpg,1,h
2558.jpg,4,t
2559.jpg,4,t
2560.jpg,4,t
2561.jpg,4,t
2562.jpg,4,t
2563.jpg,4,m
2564.jpg,2,g
2565.jpg,2,h
2566.jpg,4,h
2567.jpg,4,l
2568.jpg,4,l
2569.jpg,0,l
2570.jpg,2,g
2571.jpg,2,h
2572.jpg,2,k
2573.jpg,4,l
2574.jpg,2,l
2575.jpg,2,k
2576.jpg,4,l
2577.jpg,4,l
2578.jpg,2,k
2579.jpg,4,h
2580.jpg,4,l
2581.jpg,4,t
2582.jpg,4,l
2583.jpg,4,l
2584.jpg,4,l
2585.jpg,4,l
2586.jpg,2,t
2587.jpg,4,t
2588.jpg,4,t
2589.jpg,4,t
2590.jpg,4,t
2591.jpg,4,t
2592.jpg,4,l
2593.jpg,0,l
2594.jpg,4,l
2595.jpg,2,l
2596.jpg,4,l
2597.jpg,4,t
2598.jpg,4,t
2599.jpg,4,t
2600.jpg,2,k
2601.jpg,4,l
2602.jpg,4,l
2603.jpg,1,h
2604.jpg,4,t
2605.jpg,4,k
2606.jpg,4,t
2607.jpg,4,t
2608.jpg,4,t
2609.jpg,1,h
2610.jpg,1,h
2611.jpg,4,h
2612.jpg,0,l
2613.jpg,4,l
2614.jpg,4,l
2615.jpg,4,l
2616.jpg,4,l
2617.jpg,4,k
2618.jpg,4,l
2619.jpg,4,t
2620.jpg,4,t
2621.jpg,1,g
2622.jpg,4,k
2623.jpg,1,k
2624.jpg,2,t
2625.jpg,2,l
2626.jpg,4,l
2627.jpg,4,t
2628.jpg,2,g
2629.jpg,2,h
2630.jpg,2,l
2631.jpg,4,h
2632.jpg,2,k
2633.jpg,2,t
2634.jpg,4,t
2635.jpg,2,h
2636.jpg,4,t
2637.jpg,4,t
2638.jpg,4,l
2639.jpg,4,t
2640.jpg,4,t
2641.jpg,4,t
2642.jpg,4,h
2643.jpg,4,k
2644.jpg,4,k
2645.jpg,4,t
2646.jpg,4,l
2647.jpg,2,h
2648.jpg,4,l
2649.jpg,2,k
2650.jpg,4,l
2651.jpg,1,h
2652.jpg,1,h
2653.jpg,4,l
2654.jpg,2,k
2655.jpg,4,h
2656.jpg,4,h
2657.jpg,4,t
2658.jpg,1,g
2659.jpg,4,t
2660.jpg,4,l
2661.jpg,4,k
2662.jpg,4,k
2663.jpg,4,h
2664.jpg,4,l
2665.jpg,4,l
2666.jpg,2,g
2667.jpg,2,k
2668.jpg,4,t
2669.jpg,4,t
2670.jpg,4,t
2671.jpg,4,t
2672.jpg,4,k
2673.jpg,4,t
2674.jpg,4,t
2675.jpg,4,t
2676.jpg,2,h
2677.jpg,4,k
2678.jpg,4,l
2679.jpg,4,l
2680.jpg,4,l
2681.jpg,2,t
2682.jpg,4,t
2683.jpg,4,l
2684.jpg,4,t
2685.jpg,4,h
2686.jpg,1,g
2687.jpg,4,t
2688.jpg,4,l
2689.jpg,2,h
2690.jpg,2,l
2691.jpg,4,l
2692.jpg,4,l
2693.jpg,4,t
2694.jpg,4,l
2695.jpg,4,l
2696.jpg,4,l
2697.jpg,2,h
2698.jpg,4,k
2699.jpg,4,t
2700.jpg,4,k
2701.jpg,4,k
2702.jpg,2,g
2703.jpg,4,t
2704.jpg,2,t
2705.jpg,4,t
2706.jpg,4,t
2707.jpg,4,l
2708.jpg,2,g
2709.jpg,0,l
2710.jpg,1,h
2711.jpg,4,t
2712.jpg,4,l
2713.jpg,4,t
2714.jpg,4,t
2715.jpg,2,t
2716.jpg,4,t
2717.jpg,4,k
2718.jpg,4,h
2719.jpg,4,t
2720.jpg,4,l
2721.jpg,4,l
2722.jpg,4,l
2723.jpg,4,l
2724.jpg,4,l
2725.jpg,4,t
2726.jpg,4,l
2727.jpg,4,l
2728.jpg,4,t
2729.jpg,4,l
2730.jpg,4,l
2731.jpg,4,h
2732.jpg,4,l
2733.jpg,4,l
2734.jpg,4,l
2735.jpg,4,l
2736.jpg,4,l
2737.jpg,4,l
2738.jpg,4,l
2739.jpg,2,l
2740.jpg,0,l
2741.jpg,2,l
2742.jpg,4,l
2743.jpg,4,t
2744.jpg,4,t
2745.jpg,4,l
2746.jpg,1,h
2747.jpg,2,h
2748.jpg,4,l
2749.jpg,4,t
2750.jpg,2,g
2751.jpg,1,g
2752.jpg,4,l
2753.jpg,4,l
2754.jpg,4,l
2755.jpg,4,l
2756.jpg,4,t
2757.jpg,1,k
2758.jpg,2,t
2759.jpg,0,l
2760.jpg,1,k
2761.jpg,4,t
2762.jpg,4,t
2763.jpg,4,t
2764.jpg,2,t
2765.jpg,4,l
2766.jpg,4,h
2767.jpg,4,h
2768.jpg,4,h
2769.jpg,4,k
2770.jpg,4,k
2771.jpg,4,t
2772.jpg,4,t
2773.jpg,1,k
2774.jpg,1,h
2775.jpg,4,l
2776.jpg,2,g
2777.jpg,4,t
2778.jpg,4,t
2779.jpg,4,l
2780.jpg,4,l
2781.jpg,2,k
2782.jpg,2,g
2783.jpg,4,k
2784.jpg,2,h
2785.jpg,4,l
2786.jpg,4,l
2787.jpg,4,h
2788.jpg,4,t
2789.jpg,1,t
2790.jpg,4,g
2791.jpg,4,g
2792.jpg,2,g
2793.jpg,2,h
2794.jpg,2,h
2795.jpg,4,t
2796.jpg,4,t
2797.jpg,4,l
2798.jpg,4,l
2799.jpg,1,k
2800.jpg,4,t
2801.jpg,4,t
2802.jpg,4,t
2803.jpg,4,t
2804.jpg,4,l
2805.jpg,0,h
2806.jpg,4,t
2807.jpg,4,l
2808.jpg,4,t
2809.jpg,4,t
2810.jpg,4,t
2811.jpg,4,l
2812.jpg,4,l
2813.jpg,4,h
2814.jpg,4,t
2815.jpg,2,h
2816.jpg,4,t
2817.jpg,2,t
2818.jpg,4,h
2819.jpg,4,l
2820.jpg,4,h
2821.jpg,4,h
2822.jpg,4,h
2823.jpg,4,t
2824.jpg,2,g
2825.jpg,4,t
2826.jpg,4,l
2827.jpg,4,l
2828.jpg,4,l
2829.jpg,4,l
2830.jpg,4,l
2831.jpg,4,l
2832.jpg,4,l
2833.jpg,4,l
2834.jpg,1,h
2835.jpg,2,l
2836.jpg,1,h
2837.jpg,4,l
2838.jpg,4,l
2839.jpg,1,t
2840.jpg,4,h
2841.jpg,4,l
2842.jpg,4,h
2843.jpg,4,l
2844.jpg,4,t
2845.jpg,4,t
2846.jpg,4,t
2847.jpg,4,t
2848.jpg,4,t
2849.jpg,4,t
2850.jpg,4,t
2851.jpg,4,k
2852.jpg,1,h
2853.jpg,1,t
2854.jpg,1,h
2855.jpg,2,k
2856.jpg,4,l
2857.jpg,1,l
2858.jpg,4,t
2859.jpg,4,k
2860.jpg,4,t
2861.jpg,4,l
2862.jpg,2,k
2863.jpg,4,t
2864.jpg,4,m
2865.jpg,4,t
2866.jpg,4,t
2867.jpg,4,l
2868.jpg,4,l
2869.jpg,4,h
2870.jpg,2,h
2871.jpg,4,m
2872.jpg,2,g
2873.jpg,1,g
2874.jpg,2,k
2875.jpg,4,l
2876.jpg,4,l
2877.jpg,4,h
2878.jpg,4,h
2879.jpg,4,l
2880.jpg,4,l
2881.jpg,4,l
2882.jpg,2,k
2883.jpg,4,h
2884.jpg,4,l
2885.jpg,4,l
2886.jpg,4,h
2887.jpg,4,t
2888.jpg,4,t
2889.jpg,4,l
2890.jpg,2,k
2891.jpg,2,l
2892.jpg,4,t
2893.jpg,2,l
2894.jpg,4,t
2895.jpg,4,l
2896.jpg,4,h
2897.jpg,4,l
2898.jpg,4,l
2899.jpg,4,k
2900.jpg,4,t
2901.jpg,4,l
2902.jpg,4,h
2903.jpg,4,t
2904.jpg,4,t
2905.jpg,4,t
2906.jpg,4,l
2907.jpg,4,k
2908.jpg,4,t
2909.jpg,2,k
2910.jpg,1,t
2911.jpg,4,l
2912.jpg,4,l
2913.jpg,4,l
2914.jpg,4,t
2915.jpg,4,k
2916.jpg,4,l
2917.jpg,4,k
2918.jpg,2,l
2919.jpg,4,t
2920.jpg,1,h
2921.jpg,1,k
2922.jpg,4,t
2923.jpg,4,t
2924.jpg,4,l
2925.jpg,4,t
2926.jpg,4,t
2927.jpg,1,l
2928.jpg,4,t
2929.jpg,4,k
2930.jpg,4,l
2931.jpg,4,l
2932.jpg,4,t
2933.jpg,4,l
2934.jpg,4,h
2935.jpg,2,k
2936.jpg,4,h
2937.jpg,4,k
2938.jpg,4,l
2939.jpg,4,l
2940.jpg,2,l
2941.jpg,4,t
2942.jpg,4,t
2943.jpg,1,k
2944.jpg,1,k
2945.jpg,4,t
2946.jpg,4,l
2947.jpg,4,t
2948.jpg,4,t
2949.jpg,2,t
2950.jpg,4,t
2951.jpg,2,k
2952.jpg,4,t
2953.jpg,4,t
2954.jpg,1,k
2955.jpg,1,k
2956.jpg,4,t
2957.jpg,2,k
2958.jpg,1,k
2959.jpg,4,l
2960.jpg,2,l
2961.jpg,4,l
2962.jpg,4,l
2963.jpg,4,h
2964.jpg,4,t
2965.jpg,4,h
2966.jpg,4,l
2967.jpg,4,l
2968.jpg,4,l
2969.jpg,4,l
2970.jpg,4,l
2971.jpg,4,l
2972.jpg,4,h
2973.jpg,4,l
2974.jpg,4,h
2975.jpg,4,t
2976.jpg,4,l
2977.jpg,1,k
2978.jpg,4,t
2979.jpg,4,l
2980.jpg,4,t
2981.jpg,4,t
2982.jpg,4,k
2983.jpg,4,l
2984.jpg,1,k
2985.jpg,2,h
2986.jpg,4,l
2987.jpg,4,t
2988.jpg,4,t
2989.jpg,1,h
2990.jpg,4,l
2991.jpg,2,h
2992.jpg,4,l
2993.jpg,4,l
2994.jpg,4,t
2995.jpg,4,l
2996.jpg,4,l
2997.jpg,2,t
2998.jpg,4,l
2999.jpg,4,l
3000.jpg,4,t
3001.jpg,4,t
3002.jpg,2,h
3003.jpg,4,l
3004.jpg,4,t
3005.jpg,4,t
3006.jpg,4,t
3007.jpg,4,l
3008.jpg,1,k
3009.jpg,4,m
3010.jpg,4,h
3011.jpg,4,t
3012.jpg,4,m
3013.jpg,4,t
3014.jpg,4,t
3015.jpg,4,t
3016.jpg,2,k
3017.jpg,4,l
3018.jpg,2,t
3019.jpg,4,l
3020.jpg,4,t
3021.jpg,4,t
3022.jpg,4,l
3023.jpg,4,l
3024.jpg,2,g
3025.jpg,2,h
3026.jpg,2,h
3027.jpg,4,t
3028.jpg,2,t
3029.jpg,4,t
3030.jpg,4,t
3031.jpg,4,t
3032.jpg,4,l
3033.jpg,4,l
3034.jpg,2,g
3035.jpg,1,g
3036.jpg,4,k
3037.jpg,4,h
3038.jpg,4,l
3039.jpg,1,h
3040.jpg,4,l
3041.jpg,4,l
3042.jpg,4,l
3043.jpg,4,l
3044.jpg,4,k
3045.jpg,4,l
3046.jpg,4,t
3047.jpg,4,m
3048.jpg,4,t
3049.jpg,1,k
3050.jpg,4,t
3051.jpg,2,h
3052.jpg,2,g
3053.jpg,2,h
3054.jpg,4,t
3055.jpg,4,t
3056.jpg,2,h
3057.jpg,2,t
3058.jpg,2,t
3059.jpg,4,l
3060.jpg,4,l
3061.jpg,4,l
3062.jpg,2,g
3063.jpg,4,l
3064.jpg,4,l
3065.jpg,4,t
3066.jpg,2,t
3067.jpg,4,t
3068.jpg,4,t
3069.jpg,2,g
3070.jpg,4,t
3071.jpg,2,t
3072.jpg,4,l
3073.jpg,1,k
3074.jpg,1,k
3075.jpg,4,k
3076.jpg,4,k
3077.jpg,4,m
3078.jpg,4,t
3079.jpg,4,l
3080.jpg,4,l
3081.jpg,4,k
3082.jpg,4,l
3083.jpg,4,l
3084.jpg,2,l
3085.jpg,4,t
3086.jpg,4,l
3087.jpg,2,g
3088.jpg,4,l
3089.jpg,1,k
3090.jpg,2,k
3091.jpg,0,l
3092.jpg,4,h
3093.jpg,4,k
3094.jpg,4,l
3095.jpg,4,h
3096.jpg,2,k
3097.jpg,2,g
3098.jpg,2,l
3099.jpg,4,k
3100.jpg,4,l
3101.jpg,4,t
3102.jpg,4,l
3103.jpg,1,h
3104.jpg,2,k
3105.jpg,4,t
3106.jpg,4,t
3107.jpg,1,h
3108.jpg,4,t
3109.jpg,4,t
3110.jpg,4,l
3111.jpg,4,k
3112.jpg,4,t
3113.jpg,4,t
3114.jpg,4,t
3115.jpg,4,l
3116.jpg,1,k
3117.jpg,4,m
3118.jpg,1,k
3119.jpg,4,t
3120.jpg,4,m
3121.jpg,2,k
3122.jpg,4,l
3123.jpg,4,t
3124.jpg,1,k
3125.jpg,4,l
3126.jpg,4,t
3127.jpg,4,k
3128.jpg,1,k
3129.jpg,2,k
3130.jpg,4,t
3131.jpg,4,l
3132.jpg,4,l
3133.jpg,2,k
3134.jpg,4,l
3135.jpg,1,k
3136.jpg,4,l
3137.jpg,2,t
3138.jpg,1,h
3139.jpg,1,k
3140.jpg,4,l
3141.jpg,4,t
3142.jpg,4,t
3143.jpg,4,h
3144.jpg,4,l
3145.jpg,4,h
3146.jpg,4,l
3147.jpg,4,l
3148.jpg,0,l
3149.jpg,4,h
3150.jpg,4,h
3151.jpg,2,g
3152.jpg,2,k
3153.jpg,4,k
3154.jpg,4,k
3155.jpg,4,l
3156.jpg,2,l
3157.jpg,1,h
3158.jpg,4,l
3159.jpg,4,l
3160.jpg,4,l
3161.jpg,2,h
3162.jpg,2,g
3163.jpg,4,l
3164.jpg,4,l
3165.jpg,4,h
3166.jpg,4,l
3167.jpg,2,k
3168.jpg,4,k
3169.jpg,4,l
3170.jpg,4,l
3171.jpg,4,l
3172.jpg,4,t
3173.jpg,1,k
3174.jpg,4,t
3175.jpg,1,k
3176.jpg,1,k
3177.jpg,4,g
3178.jpg,1,g
3179.jpg,2,k
3180.jpg,4,l
3181.jpg,4,t
3182.jpg,2,l
3183.jpg,4,l
3184.jpg,4,l
3185.jpg,4,l
3186.jpg,2,g
3187.jpg,4,l
3188.jpg,4,l
3189.jpg,4,l
3190.jpg,4,l
3191.jpg,4,t
3192.jpg,4,l
3193.jpg,4,t
3194.jpg,4,h
3195.jpg,4,l
3196.jpg,4,t
3197.jpg,4,t
3198.jpg,4,l
3199.jpg,2,k
3200.jpg,2,g
3201.jpg,4,t
3202.jpg,4,l
3203.jpg,4,l
3204.jpg,4,l
3205.jpg,4,k
3206.jpg,4,l
3207.jpg,4,l
3208.jpg,2,g
3209.jpg,4,l
3210.jpg,4,l
3211.jpg,4,h
3212.jpg,4,h
3213.jpg,4,t
3214.jpg,4,l
3215.jpg,4,t
3216.jpg,4,h
3217.jpg,4,l
3218.jpg,4,t
3219.jpg,4,t
3220.jpg,4,l
3221.jpg,4,k
3222.jpg,2,g
3223.jpg,4,t
3224.jpg,4,l
3225.jpg,4,l
3226.jpg,4,h
3227.jpg,4,k
3228.jpg,1,t
3229.jpg,4,t
3230.jpg,4,l
3231.jpg,2,g
3232.jpg,4,t
3233.jpg,4,t
3234.jpg,4,l
3235.jpg,4,l
3236.jpg,4,t
3237.jpg,4,t
3238.jpg,4,t
3239.jpg,4,t
3240.jpg,4,t
3241.jpg,4,t
3242.jpg,4,t
3243.jpg,4,t
3244.jpg,4,l
3245.jpg,4,t
3246.jpg,2,h
3247.jpg,4,t
3248.jpg,2,k
3249.jpg,4,l
3250.jpg,4,m
3251.jpg,4,l
3252.jpg,4,l
3253.jpg,4,m
3254.jpg,2,t
3255.jpg,4,h
3256.jpg,4,h
3257.jpg,4,t
3258.jpg,4,l
3259.jpg,4,h
3260.jpg,4,k
3261.jpg,2,l
3262.jpg,4,t
3263.jpg,2,h
3264.jpg,4,m
3265.jpg,4,l
3266.jpg,4,t
3267.jpg,4,l
3268.jpg,4,h
3269.jpg,4,t
3270.jpg,4,t
3271.jpg,4,k
3272.jpg,1,g
3273.jpg,4,l
3274.jpg,4,k
3275.jpg,1,k
3276.jpg,2,k
3277.jpg,2,g
3278.jpg,2,t
3279.jpg,4,l
3280.jpg,1,h
3281.jpg,2,l
3282.jpg,4,h
3283.jpg,2,l
3284.jpg,2,l
3285.jpg,2,g
3286.jpg,4,t
3287.jpg,4,t
3288.jpg,4,k
3289.jpg,1,g
3290.jpg,4,l
3291.jpg,4,k
3292.jpg,1,k
3293.jpg,2,g
3294.jpg,4,l
3295.jpg,4,t
3296.jpg,0,h
3297.jpg,4,k
3298.jpg,1,h
3299.jpg,2,k
3300.jpg,4,l
3301.jpg,4,l
3302.jpg,2,g
3303.jpg,4,t
3304.jpg,4,l
3305.jpg,4,l
3306.jpg,4,t
3307.jpg,2,g
3308.jpg,4,t
3309.jpg,4,l
3310.jpg,4,h
3311.jpg,4,l
3312.jpg,4,t
3313.jpg,4,h
3314.jpg,4,l
3315.jpg,4,t
3316.jpg,4,t
3317.jpg,2,k
3318.jpg,4,m
3319.jpg,4,l
3320.jpg,4,l
3321.jpg,1,k
3322.jpg,4,t
3323.jpg,2,t
3324.jpg,4,t
3325.jpg,4,t
3326.jpg,4,t
3327.jpg,1,h
3328.jpg,4,k
3329.jpg,4,l
3330.jpg,4,h
3331.jpg,4,l
3332.jpg,4,l
3333.jpg,4,t
3334.jpg,4,l
3335.jpg,4,l
3336.jpg,4,l
3337.jpg,4,l
3338.jpg,4,l
3339.jpg,4,h
3340.jpg,1,h
3341.jpg,2,g
3342.jpg,4,l
3343.jpg,1,l
3344.jpg,4,l
3345.jpg,4,l
3346.jpg,2,l
3347.jpg,4,h
3348.jpg,4,k
3349.jpg,2,l
3350.jpg,4,l
3351.jpg,4,t
3352.jpg,4,m
3353.jpg,2,l
3354.jpg,4,h
3355.jpg,4,h
3356.jpg,4,l
3357.jpg,4,t
3358.jpg,2,k
3359.jpg,4,l
3360.jpg,2,g
3361.jpg,4,t
3362.jpg,2,k
3363.jpg,2,k
3364.jpg,4,t
3365.jpg,4,t
3366.jpg,2,t
3367.jpg,4,l
3368.jpg,2,h
3369.jpg,4,t
3370.jpg,4,l
3371.jpg,1,h
3372.jpg,4,t
3373.jpg,4,h
3374.jpg,4,h
3375.jpg,4,l
3376.jpg,1,k
3377.jpg,4,l
3378.jpg,1,k
3379.jpg,4,l
3380.jpg,4,k
3381.jpg,4,h
3382.jpg,4,t
3383.jpg,2,g
3384.jpg,4,l
3385.jpg,4,l
3386.jpg,4,l
3387.jpg,1,g
3388.jpg,4,l
3389.jpg,2,g
3390.jpg,4,l
3391.jpg,4,m
3392.jpg,4,t
3393.jpg,4,l
3394.jpg,4,h
3395.jpg,4,t
3396.jpg,4,t
3397.jpg,4,k
3398.jpg,2,k
3399.jpg,4,h
3400.jpg,2,g
3401.jpg,4,l
3402.jpg,4,l
3403.jpg,4,l
3404.jpg,4,l
3405.jpg,1,g
3406.jpg,4,l
3407.jpg,4,h
3408.jpg,1,k
3409.jpg,2,g
3410.jpg,1,k
3411.jpg,4,l
3412.jpg,0,l
3413.jpg,1,k
3414.jpg,2,g
3415.jpg,4,t
3416.jpg,4,t
3417.jpg,4,t
3418.jpg,4,k
3419.jpg,4,k
3420.jpg,1,h
3421.jpg,4,t
3422.jpg,4,m
3423.jpg,4,t
3424.jpg,4,l
3425.jpg,4,l
3426.jpg,1,t
3427.jpg,4,m
3428.jpg,4,t
3429.jpg,4,l
3430.jpg,2,g
3431.jpg,4,l
3432.jpg,4,t
3433.jpg,4,t
3434.jpg,2,k
3435.jpg,4,l
3436.jpg,4,l
3437.jpg,4,m
3438.jpg,4,h
3439.jpg,1,h
3440.jpg,2,l
3441.jpg,4,m
3442.jpg,4,l
3443.jpg,4,l
3444.jpg,4,l
3445.jpg,2,k
3446.jpg,4,l
3447.jpg,4,t
3448.jpg,1,g
3449.jpg,4,m
3450.jpg,4,l
3451.jpg,4,l
3452.jpg,4,h
3453.jpg,4,l
3454.jpg,4,l
3455.jpg,4,l
3456.jpg,4,l
3457.jpg,4,t
3458.jpg,4,l
3459.jpg,1,g
3460.jpg,4,t
3461.jpg,4,l
3462.jpg,2,h
3463.jpg,2,k
3464.jpg,4,k
3465.jpg,1,k
3466.jpg,4,t
3467.jpg,4,l
3468.jpg,2,l
3469.jpg,4,l
3470.jpg,4,t
3471.jpg,1,h
3472.jpg,4,l
3473.jpg,4,l
3474.jpg,2,l
3475.jpg,4,t
3476.jpg,4,t
3477.jpg,4,k
3478.jpg,4,k
3479.jpg,4,t
3480.jpg,4,l
3481.jpg,1,h
3482.jpg,4,l
3483.jpg,1,k
3484.jpg,2,g
3485.jpg,4,l
3486.jpg,2,k
3487.jpg,4,t
3488.jpg,4,h
3489.jpg,4,h
3490.jpg,4,l
3491.jpg,4,l
3492.jpg,4,h
3493.jpg,4,l
3494.jpg,2,k
3495.jpg,1,h
3496.jpg,1,h
3497.jpg,1,h
3498.jpg,1,h
3499.jpg,2,t
3500.jpg,4,t
3501.jpg,2,t
3502.jpg,4,t
3503.jpg,4,l
3504.jpg,2,g
3505.jpg,2,g
3506.jpg,4,l
3507.jpg,4,t
3508.jpg,4,m
3509.jpg,4,t
3510.jpg,4,t
3511.jpg,4,l
3512.jpg,4,l
3513.jpg,4,l
3514.jpg,4,t
3515.jpg,4,t
3516.jpg,4,l
3517.jpg,4,t
3518.jpg,4,t
3519.jpg,4,l
3520.jpg,4,t
3521.jpg,4,t
3522.jpg,4,l
3523.jpg,4,l
3524.jpg,4,l
3525.jpg,4,l
3526.jpg,4,l
3527.jpg,4,t
3528.jpg,4,t
3529.jpg,4,t
3530.jpg,4,t
3531.jpg,4,t
3532.jpg,4,l
3533.jpg,4,l
3534.jpg,4,t
3535.jpg,4,t
3536.jpg,4,t
3537.jpg,4,t
3538.jpg,4,t
3539.jpg,4,l
3540.jpg,1,g
3541.jpg,4,l
3542.jpg,4,t
3543.jpg,4,t
3544.jpg,4,l
3545.jpg,2,t
3546.jpg,4,l
3547.jpg,4,l
3548.jpg,4,l
3549.jpg,4,l
3550.jpg,2,h
3551.jpg,4,l
3552.jpg,4,t
3553.jpg,4,k
3554.jpg,4,l
3555.jpg,4,l
3556.jpg,4,l
3557.jpg,4,l
3558.jpg,4,h
3559.jpg,2,g
3560.jpg,4,t
3561.jpg,1,g
3562.jpg,4,h
3563.jpg,4,h
3564.jpg,4,l
3565.jpg,4,h
3566.jpg,4,l
3567.jpg,4,t
3568.jpg,4,t
3569.jpg,4,t
3570.jpg,4,h
3571.jpg,4,t
3572.jpg,4,l
3573.jpg,4,l
3574.jpg,4,t
3575.jpg,4,l
3576.jpg,4,l
3577.jpg,4,h
3578.jpg,4,t
3579.jpg,4,h
3580.jpg,4,h
3581.jpg,4,h
3582.jpg,4,h
3583.jpg,4,l
3584.jpg,4,h
3585.jpg,4,l
3586.jpg,4,l
3587.jpg,4,l
3588.jpg,4,h
3589.jpg,4,h
3590.jpg,4,t
3591.jpg,4,t
3592.jpg,4,l
3593.jpg,4,t
3594.jpg,4,l
3595.jpg,2,g
3596.jpg,2,k
3597.jpg,2,k
3598.jpg,4,l
3599.jpg,4,l
3600.jpg,4,l
3601.jpg,4,k
3602.jpg,4,m
3603.jpg,4,t
3604.jpg,4,l
3605.jpg,2,h
3606.jpg,4,m
3607.jpg,4,t
3608.jpg,4,h
3609.jpg,4,t
3610.jpg,4,h
3611.jpg,4,t
3612.jpg,4,l
3613.jpg,4,t
3614.jpg,4,t
3615.jpg,4,t
3616.jpg,2,g
3617.jpg,4,t
3618.jpg,4,t
3619.jpg,2,t
3620.jpg,4,t
3621.jpg,2,k
3622.jpg,4,t
3623.jpg,4,t
3624.jpg,2,g
3625.jpg,4,t
3626.jpg,4,l
3627.jpg,4,l
3628.jpg,4,l
3629.jpg,4,l
3630.jpg,4,t
3631.jpg,4,t
3632.jpg,2,g
3633.jpg,4,l
3634.jpg,4,g
3635.jpg,4,t
3636.jpg,4,t
3637.jpg,4,t
3638.jpg,4,t
3639.jpg,4,t
3640.jpg,2,k
3641.jpg,1,k
3642.jpg,4,t
3643.jpg,1,k
3644.jpg,4,t
3645.jpg,4,h
3646.jpg,4,l
3647.jpg,4,t
3648.jpg,4,h
3649.jpg,1,h
3650.jpg,1,h
3651.jpg,1,k
3652.jpg,4,t
3653.jpg,4,k
3654.jpg,4,k
3655.jpg,4,t
3656.jpg,4,t
3657.jpg,4,l
3658.jpg,4,l
3659.jpg,4,t
3660.jpg,4,t
3661.jpg,1,k
3662.jpg,4,l
3663.jpg,4,t
3664.jpg,4,t
3665.jpg,2,t
3666.jpg,2,t
3667.jpg,4,t
3668.jpg,4,l
3669.jpg,2,t
3670.jpg,4,l
3671.jpg,4,k
3672.jpg,2,k
3673.jpg,4,t
3674.jpg,2,k
3675.jpg,4,t
3676.jpg,4,t
3677.jpg,1,h
3678.jpg,4,t
3679.jpg,4,h
3680.jpg,4,t
3681.jpg,4,l
3682.jpg,4,t
3683.jpg,4,l
3684.jpg,4,t
3685.jpg,4,t
3686.jpg,4,m
3687.jpg,4,l
3688.jpg,4,l
3689.jpg,4,t
3690.jpg,4,t
3691.jpg,4,t
3692.jpg,4,l
3693.jpg,4,t
3694.jpg,2,h
3695.jpg,4,t
3696.jpg,4,t
3697.jpg,4,t
3698.jpg,4,t
3699.jpg,4,t
3700.jpg,4,t
3701.jpg,4,t
3702.jpg,4,t
3703.jpg,4,t
3704.jpg,1,t
3705.jpg,2,t
3706.jpg,4,t
3707.jpg,4,h
3708.jpg,4,t
3709.jpg,4,m
3710.jpg,4,m
3711.jpg,4,l
3712.jpg,4,l
3713.jpg,2,g
3714.jpg,4,l
3715.jpg,4,l
3716.jpg,4,l
3717.jpg,4,t
3718.jpg,4,t
3719.jpg,4,t
3720.jpg,2,t
3721.jpg,4,t
3722.jpg,4,l
3723.jpg,1,k
3724.jpg,4,l
3725.jpg,4,l
3726.jpg,4,l
3727.jpg,2,l
3728.jpg,4,t
3729.jpg,4,l
3730.jpg,4,l
3731.jpg,4,l
3732.jpg,4,l
3733.jpg,4,l
3734.jpg,4,h
3735.jpg,1,k
3736.jpg,1,k
3737.jpg,4,m
3738.jpg,4,m
3739.jpg,2,k
3740.jpg,2,k
3741.jpg,4,l
3742.jpg,4,t
3743.jpg,4,l
3744.jpg,4,l
3745.jpg,4,l
3746.jpg,4,h
3747.jpg,4,h
3748.jpg,2,k
3749.jpg,1,h
3750.jpg,4,t
3751.jpg,4,t
3752.jpg,4,t
3753.jpg,1,g
3754.jpg,4,l
3755.jpg,4,h
3756.jpg,4,l
3757.jpg,4,l
3758.jpg,4,l
3759.jpg,4,t
3760.jpg,1,g
3761.jpg,2,g
3762.jpg,1,h
3763.jpg,1,g
3764.jpg,2,k
3765.jpg,4,h
3766.jpg,4,h
3767.jpg,4,l
3768.jpg,4,l
3769.jpg,4,l
3770.jpg,4,l
3771.jpg,4,t
3772.jpg,0,h
3773.jpg,1,h
3774.jpg,0,l
3775.jpg,0,l
3776.jpg,1,k
3777.jpg,0,l
3778.jpg,2,t
3779.jpg,4,l
3780.jpg,2,k
3781.jpg,1,h
3782.jpg,4,t
3783.jpg,4,h
3784.jpg,4,t
3785.jpg,4,l
3786.jpg,4,l
3787.jpg,4,t
3788.jpg,4,l
3789.jpg,2,h
3790.jpg,4,k
3791.jpg,4,l
3792.jpg,4,l
3793.jpg,4,t
3794.jpg,4,t
3795.jpg,4,t
3796.jpg,4,t
3797.jpg,4,l
3798.jpg,4,t
3799.jpg,4,l
3800.jpg,4,t
3801.jpg,4,l
3802.jpg,1,h
3803.jpg,4,t
3804.jpg,4,h
3805.jpg,4,t
3806.jpg,4,t
3807.jpg,4,m
3808.jpg,4,k
3809.jpg,4,t
3810.jpg,4,t
3811.jpg,4,t
3812.jpg,2,k
3813.jpg,4,l
3814.jpg,4,t
3815.jpg,4,k
3816.jpg,4,t
3817.jpg,4,t
3818.jpg,4,l
3819.jpg,4,t
3820.jpg,0,l
3821.jpg,4,l
3822.jpg,2,g
3823.jpg,4,l
3824.jpg,4,l
3825.jpg,4,l
3826.jpg,4,l
3827.jpg,4,l
3828.jpg,4,l
3829.jpg,4,l
3830.jpg,4,l
3831.jpg,4,l
3832.jpg,2,g
3833.jpg,4,h
3834.jpg,4,l
3835.jpg,2,h
3836.jpg,4,t
3837.jpg,4,t
3838.jpg,4,t
3839.jpg,4,h
3840.jpg,4,m
3841.jpg,4,h
3842.jpg,1,h
3843.jpg,1,h
3844.jpg,4,l
3845.jpg,1,h
3846.jpg,1,h
3847.jpg,2,h
3848.jpg,2,g
3849.jpg,4,h
3850.jpg,2,l
3851.jpg,2,h
3852.jpg,4,h
3853.jpg,4,h
3854.jpg,4,t
3855.jpg,1,t
3856.jpg,4,t
3857.jpg,4,t
3858.jpg,4,l
3859.jpg,4,l
3860.jpg,2,g
3861.jpg,4,t
3862.jpg,4,h
3863.jpg,4,l
3864.jpg,2,k
3865.jpg,1,k
3866.jpg,2,k
3867.jpg,4,t
3868.jpg,4,k
3869.jpg,4,t
3870.jpg,1,k
3871.jpg,1,h
3872.jpg,1,k
3873.jpg,4,t
3874.jpg,1,k
3875.jpg,4,t
3876.jpg,4,l
3877.jpg,4,l
3878.jpg,4,l
3879.jpg,4,l
3880.jpg,4,l
3881.jpg,4,l
3882.jpg,4,l
3883.jpg,2,g
3884.jpg,4,h
3885.jpg,4,l
3886.jpg,2,h
3887.jpg,4,t
3888.jpg,4,l
3889.jpg,4,l
3890.jpg,4,l
3891.jpg,4,l
3892.jpg,4,l
3893.jpg,4,l
3894.jpg,4,l
3895.jpg,4,l
3896.jpg,4,l
3897.jpg,1,h
3898.jpg,2,t
3899.jpg,4,k
3900.jpg,2,k
3901.jpg,2,g
3902.jpg,4,k
3903.jpg,4,l
3904.jpg,4,t
3905.jpg,4,t
3906.jpg,4,t
3907.jpg,4,h
3908.jpg,4,t
3909.jpg,4,l
3910.jpg,4,l
3911.jpg,4,l
3912.jpg,4,l
3913.jpg,4,l
3914.jpg,1,h
3915.jpg,1,h
3916.jpg,1,h
3917.jpg,4,h
3918.jpg,4,h
3919.jpg,4,h
3920.jpg,4,h
3921.jpg,4,h
3922.jpg,4,h
3923.jpg,4,h
3924.jpg,2,k
3925.jpg,2,g
3926.jpg,4,k
3927.jpg,4,l
3928.jpg,4,t
3929.jpg,4,t
3930.jpg,4,t
3931.jpg,4,h
3932.jpg,4,l
3933.jpg,4,l
3934.jpg,4,l
3935.jpg,4,l
3936.jpg,4,l
3937.jpg,4,l
3938.jpg,1,h
3939.jpg,1,h
3940.jpg,1,h
3941.jpg,4,h
3942.jpg,4,h
3943.jpg,4,h
3944.jpg,4,h
3945.jpg,4,h
3946.jpg,4,h
3947.jpg,4,l
3948.jpg,4,l
3949.jpg,4,l
3950.jpg,4,l
3951.jpg,1,g
3952.jpg,4,t
3953.jpg,4,l
3954.jpg,4,l
3955.jpg,4,l
3956.jpg,2,g
3957.jpg,4,l
3958.jpg,4,t
3959.jpg,4,k
3960.jpg,4,h
3961.jpg,4,l
3962.jpg,2,k
3963.jpg,1,k
3964.jpg,2,k
3965.jpg,4,t
3966.jpg,4,k
3967.jpg,4,t
3968.jpg,2,k
3969.jpg,1,h
3970.jpg,2,k
3971.jpg,4,t
3972.jpg,2,k
3973.jpg,4,t
3974.jpg,4,l
3975.jpg,4,l
3976.jpg,4,l
3977.jpg,4,l
3978.jpg,4,l
3979.jpg,2,g
3980.jpg,4,h
3981.jpg,4,l
3982.jpg,2,h
3983.jpg,4,t
3984.jpg,4,t
3985.jpg,4,t
3986.jpg,4,h
3987.jpg,4,m
3988.jpg,4,h
3989.jpg,1,h
3990.jpg,1,h
3991.jpg,4,l
3992.jpg,1,h
3993.jpg,1,h
3994.jpg,2,h
3995.jpg,4,l
3996.jpg,1,k
3997.jpg,4,k
3998.jpg,4,l
3999.jpg,4,k
4000.jpg,4,h
4001.jpg,4,l
4002.jpg,4,l
4003.jpg,4,t
4004.jpg,4,t
4005.jpg,2,k
4006.jpg,4,l
4007.jpg,4,l
4008.jpg,1,k
4009.jpg,2,k
4010.jpg,4,l
4011.jpg,4,l
4012.jpg,4,l
4013.jpg,4,l
4014.jpg,4,l
4015.jpg,4,l
4016.jpg,4,h
4017.jpg,4,t
4018.jpg,4,t
4019.jpg,1,t
4020.jpg,4,l
4021.jpg,4,t
4022.jpg,4,l
4023.jpg,4,l
4024.jpg,2,g
4025.jpg,4,t
4026.jpg,4,h
4027.jpg,4,l
4028.jpg,2,k
4029.jpg,1,k
4030.jpg,2,k
4031.jpg,4,t
4032.jpg,4,k
4033.jpg,4,t
4034.jpg,2,k
4035.jpg,1,h
4036.jpg,1,k
4037.jpg,4,t
4038.jpg,2,k
4039.jpg,4,t
4040.jpg,4,l
4041.jpg,2,h
4042.jpg,4,h
4043.jpg,4,k
4044.jpg,4,l
4045.jpg,2,g
4046.jpg,2,g
4047.jpg,4,t
4048.jpg,4,t
4049.jpg,4,t
4050.jpg,4,t
4051.jpg,2,k
4052.jpg,2,t
4053.jpg,4,t
4054.jpg,4,t
4055.jpg,4,t
4056.jpg,2,g
4057.jpg,2,h
4058.jpg,4,t
4059.jpg,4,t
4060.jpg,4,l
4061.jpg,1,h
4062.jpg,4,h
4063.jpg,4,t
4064.jpg,4,t
4065.jpg,4,m
4066.jpg,4,h
4067.jpg,4,t
4068.jpg,4,t
4069.jpg,4,t
4070.jpg,4,t
4071.jpg,1,t
4072.jpg,4,l
4073.jpg,4,l
4074.jpg,4,l
4075.jpg,4,l
4076.jpg,4,t
4077.jpg,4,k
4078.jpg,4,k
4079.jpg,2,k
4080.jpg,4,h
4081.jpg,1,k
4082.jpg,4,t
4083.jpg,4,l
4084.jpg,4,l
4085.jpg,4,t
4086.jpg,4,h
4087.jpg,4,h
4088.jpg,4,l
4089.jpg,4,t
4090.jpg,4,t
4091.jpg,4,t
4092.jpg,4,l
4093.jpg,4,h
4094.jpg,4,t
4095.jpg,4,t
4096.jpg,2,h
4097.jpg,2,g
4098.jpg,4,h
4099.jpg,4,h
4100.jpg,4,h
4101.jpg,4,h
4102.jpg,4,t
4103.jpg,4,h
4104.jpg,4,t
4105.jpg,4,m
4106.jpg,4,l
4107.jpg,4,l
4108.jpg,2,k
4109.jpg,4,l
4110.jpg,4,l
4111.jpg,4,m
4112.jpg,1,h
4113.jpg,1,h
4114.jpg,1,h
4115.jpg,4,l
4116.jpg,4,t
4117.jpg,4,m
4118.jpg,1,k
4119.jpg,4,t
4120.jpg,1,h
4121.jpg,4,l
4122.jpg,4,l
4123.jpg,4,h
4124.jpg,4,k
4125.jpg,4,l
4126.jpg,4,m
4127.jpg,4,k
4128.jpg,4,m
4129.jpg,4,h
4130.jpg,4,t
4131.jpg,4,h
4132.jpg,2,h
4133.jpg,4,l
4134.jpg,4,l
4135.jpg,4,l
4136.jpg,4,h
4137.jpg,4,l
4138.jpg,4,t
4139.jpg,4,l
4140.jpg,4,l
4141.jpg,4,t
4142.jpg,4,t
4143.jpg,4,t
4144.jpg,4,t
4145.jpg,4,t
4146.jpg,4,h
4147.jpg,4,t
4148.jpg,4,l
4149.jpg,4,l
4150.jpg,4,l
4151.jpg,4,l
4152.jpg,4,t
4153.jpg,4,m
4154.jpg,4,m
4155.jpg,4,l
4156.jpg,2,h
4157.jpg,4,t
4158.jpg,2,t
4159.jpg,4,t
4160.jpg,4,t
4161.jpg,4,t
4162.jpg,4,t
4163.jpg,2,g
4164.jpg,4,t
4165.jpg,4,t
4166.jpg,4,t
4167.jpg,4,t
4168.jpg,4,t
4169.jpg,0,l
4170.jpg,0,l
4171.jpg,4,t
4172.jpg,4,m
4173.jpg,4,t
4174.jpg,2,g
4175.jpg,2,k
4176.jpg,4,h
4177.jpg,4,l
4178.jpg,4,l
4179.jpg,4,l
4180.jpg,4,l
4181.jpg,4,l
4182.jpg,2,l
4183.jpg,4,m
4184.jpg,2,k
4185.jpg,4,t
4186.jpg,4,t
4187.jpg,4,m
4188.jpg,4,t
4189.jpg,4,t
4190.jpg,2,k
4191.jpg,1,g
4192.jpg,4,t
4193.jpg,4,l
4194.jpg,1,k
4195.jpg,4,t
4196.jpg,4,l
4197.jpg,4,l
4198.jpg,4,l
4199.jpg,4,l
4200.jpg,4,t
4201.jpg,4,l
4202.jpg,4,l
4203.jpg,4,l
4204.jpg,4,l
4205.jpg,4,m
4206.jpg,1,k
4207.jpg,4,k
4208.jpg,4,l
4209.jpg,4,h
4210.jpg,4,l
4211.jpg,4,h
4212.jpg,4,l
4213.jpg,4,l
4214.jpg,4,l
4215.jpg,4,l
4216.jpg,4,h
4217.jpg,4,t
4218.jpg,4,t
4219.jpg,4,h
4220.jpg,2,k
4221.jpg,1,k
4222.jpg,4,l
4223.jpg,4,k
4224.jpg,4,k
4225.jpg,2,k
4226.jpg,4,t
4227.jpg,4,t
4228.jpg,4,k
4229.jpg,4,l
4230.jpg,4,l
4231.jpg,4,l
4232.jpg,4,l
4233.jpg,4,l
4234.jpg,4,h
4235.jpg,4,l
4236.jpg,4,l
4237.jpg,4,l
4238.jpg,4,l
4239.jpg,4,l
4240.jpg,4,l
4241.jpg,4,l
4242.jpg,4,l
4243.jpg,1,h
4244.jpg,2,h
4245.jpg,4,l
4246.jpg,4,t
4247.jpg,4,l
4248.jpg,4,l
4249.jpg,4,l
4250.jpg,4,l
4251.jpg,4,h
4252.jpg,4,l
4253.jpg,4,l
4254.jpg,4,l
4255.jpg,4,l
4256.jpg,2,l
4257.jpg,4,l
4258.jpg,4,t
4259.jpg,4,t
4260.jpg,4,l
4261.jpg,4,l
4262.jpg,4,l
4263.jpg,0,l
4264.jpg,4,t
4265.jpg,4,t
4266.jpg,4,k
4267.jpg,1,k
4268.jpg,4,h
4269.jpg,4,h
4270.jpg,4,t
4271.jpg,4,h
4272.jpg,4,h
4273.jpg,4,h
4274.jpg,4,h
4275.jpg,4,t
4276.jpg,4,t
4277.jpg,4,h
4278.jpg,4,h
4279.jpg,2,k
4280.jpg,4,k
4281.jpg,4,k
4282.jpg,4,k
4283.jpg,4,k
4284.jpg,4,l
4285.jpg,2,t
4286.jpg,2,t
4287.jpg,4,t
4288.jpg,4,m
4289.jpg,4,m
4290.jpg,4,m
4291.jpg,4,m
4292.jpg,4,h
4293.jpg,4,h
4294.jpg,4,t
4295.jpg,4,l
4296.jpg,4,h
4297.jpg,2,k
4298.jpg,1,h
4299.jpg,1,h
4300.jpg,2,g
4301.jpg,0,l
4302.jpg,4,t
4303.jpg,4,t
4304.jpg,4,t
4305.jpg,4,t
4306.jpg,4,t
4307.jpg,4,t
4308.jpg,4,t
4309.jpg,4,t
4310.jpg,4,t
4311.jpg,4,t
4312.jpg,4,t
4313.jpg,4,t
4314.jpg,4,t
4315.jpg,4,t
4316.jpg,4,h
4317.jpg,2,g
4318.jpg,4,h
4319.jpg,4,h
4320.jpg,4,l
4321.jpg,1,k
4322.jpg,4,l
4323.jpg,4,t
4324.jpg,4,l
4325.jpg,4,l
4326.jpg,4,l
4327.jpg,2,g
4328.jpg,2,h
4329.jpg,4,l
4330.jpg,2,g
4331.jpg,2,t
4332.jpg,4,l
4333.jpg,4,t
4334.jpg,4,h
4335.jpg,1,k
4336.jpg,2,h
4337.jpg,4,l
4338.jpg,4,t
4339.jpg,4,t
4340.jpg,4,t
4341.jpg,2,g
4342.jpg,4,l
4343.jpg,4,l
4344.jpg,4,l
4345.jpg,4,h
4346.jpg,4,m
4347.jpg,4,t
4348.jpg,1,h
4349.jpg,2,h
4350.jpg,2,k
4351.jpg,1,k
4352.jpg,4,h
4353.jpg,4,h
4354.jpg,4,l
4355.jpg,4,h
4356.jpg,4,h
4357.jpg,1,g
4358.jpg,1,h
4359.jpg,0,l
4360.jpg,4,l
4361.jpg,4,l
4362.jpg,4,t
4363.jpg,4,t
4364.jpg,4,t
4365.jpg,4,t
4366.jpg,4,l
4367.jpg,4,l
4368.jpg,4,t
4369.jpg,4,t
4370.jpg,4,t
4371.jpg,4,l
4372.jpg,4,t
4373.jpg,4,m
4374.jpg,4,h
4375.jpg,4,h
4376.jpg,4,l
4377.jpg,4,t
4378.jpg,1,h
4379.jpg,4,t
4380.jpg,4,t
4381.jpg,4,t
4382.jpg,4,l
4383.jpg,4,m
4384.jpg,4,h
4385.jpg,2,k
4386.jpg,4,l
4387.jpg,2,k
4388.jpg,4,h
4389.jpg,4,h
4390.jpg,4,h
4391.jpg,1,k
4392.jpg,4,k
4393.jpg,4,k
4394.jpg,0,l
4395.jpg,4,l
4396.jpg,4,k
4397.jpg,4,t
4398.jpg,2,g
4399.jpg,2,h
4400.jpg,4,l
4401.jpg,4,k
4402.jpg,4,l
4403.jpg,4,t
4404.jpg,4,t
4405.jpg,4,t
4406.jpg,4,t
4407.jpg,4,l
4408.jpg,4,l
4409.jpg,4,t
4410.jpg,4,t
4411.jpg,4,t
4412.jpg,4,t
4413.jpg,4,t
4414.jpg,1,k
4415.jpg,4,t
4416.jpg,4,t
4417.jpg,2,k
4418.jpg,4,k
4419.jpg,4,k
4420.jpg,4,l
4421.jpg,4,l
4422.jpg,4,t
4423.jpg,4,t
4424.jpg,4,m
4425.jpg,4,t
4426.jpg,4,l
4427.jpg,4,l
4428.jpg,4,l
4429.jpg,4,k
4430.jpg,4,k
4431.jpg,4,l
4432.jpg,4,l
4433.jpg,4,l
4434.jpg,4,t
4435.jpg,2,k
4436.jpg,2,k
4437.jpg,4,t
4438.jpg,4,t
4439.jpg,4,t
4440.jpg,4,t
4441.jpg,4,h
4442.jpg,4,t
4443.jpg,4,k
4444.jpg,4,l
4445.jpg,4,h
4446.jpg,4,t
4447.jpg,4,l
4448.jpg,4,l
4449.jpg,4,h
4450.jpg,4,h
4451.jpg,4,l
4452.jpg,4,l
4453.jpg,4,l
4454.jpg,4,l
4455.jpg,4,h
4456.jpg,4,l
4457.jpg,4,h
4458.jpg,2,h
4459.jpg,2,h
4460.jpg,1,h
4461.jpg,4,h
4462.jpg,4,h
4463.jpg,1,h
4464.jpg,2,h
4465.jpg,4,h
4466.jpg,4,h
4467.jpg,4,h
4468.jpg,4,l
4469.jpg,2,g
4470.jpg,4,g
4471.jpg,2,l
4472.jpg,4,l
4473.jpg,4,l
4474.jpg,4,l
4475.jpg,2,g
4476.jpg,4,l
4477.jpg,2,l
4478.jpg,4,h
4479.jpg,4,h
4480.jpg,2,g
4481.jpg,4,h
4482.jpg,4,h
4483.jpg,4,h
4484.jpg,2,t
4485.jpg,4,l
4486.jpg,4,h
4487.jpg,4,h
4488.jpg,4,h
4489.jpg,4,h
4490.jpg,2,g
4491.jpg,2,g
4492.jpg,2,g
4493.jpg,4,h
4494.jpg,2,g
4495.jpg,2,k
4496.jpg,4,t
4497.jpg,4,h
4498.jpg,4,h
4499.jpg,4,g
4500.jpg,4,m
4501.jpg,4,m
4502.jpg,4,l
4503.jpg,4,t
4504.jpg,4,t
4505.jpg,4,t
4506.jpg,4,t
4507.jpg,4,t
4508.jpg,4,l
4509.jpg,4,l
4510.jpg,4,t
4511.jpg,1,t
4512.jpg,1,h
4513.jpg,2,h
4514.jpg,2,h
4515.jpg,4,t
4516.jpg,4,h
4517.jpg,4,t
4518.jpg,4,t
4519.jpg,1,k
4520.jpg,1,k
4521.jpg,1,h
4522.jpg,4,t
4523.jpg,2,h
4524.jpg,4,l
4525.jpg,4,k
4526.jpg,4,l
4527.jpg,4,l
4528.jpg,4,l
4529.jpg,4,l
4530.jpg,4,t
4531.jpg,1,h
4532.jpg,4,l
4533.jpg,4,l
4534.jpg,4,l
4535.jpg,4,l
4536.jpg,4,l
4537.jpg,4,l
4538.jpg,4,l
4539.jpg,4,l
4540.jpg,4,l
4541.jpg,4,l
4542.jpg,4,l
4543.jpg,4,l
4544.jpg,4,l
4545.jpg,0,h
4546.jpg,1,h
4547.jpg,4,t
4548.jpg,4,t
4549.jpg,4,t
4550.jpg,2,h
4551.jpg,4,l
4552.jpg,4,t
4553.jpg,4,h
4554.jpg,4,l
4555.jpg,4,l
4556.jpg,4,l
4557.jpg,4,l
4558.jpg,4,l
4559.jpg,1,h
4560.jpg,4,h
4561.jpg,1,h
4562.jpg,4,h
4563.jpg,1,h
4564.jpg,4,h
4565.jpg,4,h
4566.jpg,4,h
4567.jpg,4,h
4568.jpg,4,h
4569.jpg,4,l
4570.jpg,4,h
4571.jpg,4,h
4572.jpg,4,h
4573.jpg,4,h
4574.jpg,2,l
4575.jpg,4,l
4576.jpg,4,l
4577.jpg,4,l
4578.jpg,4,l
4579.jpg,4,l
4580.jpg,4,l
4581.jpg,4,l
4582.jpg,4,l
4583.jpg,4,h
4584.jpg,4,t
4585.jpg,4,h
4586.jpg,2,g
4587.jpg,4,t
4588.jpg,4,t
4589.jpg,4,k
4590.jpg,2,t
4591.jpg,4,h
4592.jpg,4,h
4593.jpg,2,k
4594.jpg,4,l
4595.jpg,2,h
4596.jpg,2,k
4597.jpg,4,t
4598.jpg,4,t
4599.jpg,4,t
4600.jpg,4,t
4601.jpg,2,t
4602.jpg,4,t
4603.jpg,4,k
4604.jpg,4,t
4605.jpg,2,g
4606.jpg,4,h
4607.jpg,4,t
4608.jpg,4,k
4609.jpg,4,k
4610.jpg,4,t
4611.jpg,4,t
4612.jpg,4,l
4613.jpg,4,t
4614.jpg,4,t
4615.jpg,4,l
4616.jpg,2,g
4617.jpg,4,l
4618.jpg,4,l
4619.jpg,4,l
4620.jpg,4,l
4621.jpg,4,l
4622.jpg,4,l
4623.jpg,4,l
4624.jpg,4,l
4625.jpg,4,l
4626.jpg,0,l
4627.jpg,4,l
4628.jpg,4,l
4629.jpg,4,l
4630.jpg,2,g
4631.jpg,4,l
4632.jpg,4,t
4633.jpg,4,t
4634.jpg,4,l
4635.jpg,4,l
4636.jpg,4,l
4637.jpg,4,l
4638.jpg,4,h
4639.jpg,4,t
4640.jpg,4,h
4641.jpg,4,h
4642.jpg,4,h
4643.jpg,4,l
4644.jpg,4,l
4645.jpg,4,h
4646.jpg,4,h
4647.jpg,4,h
4648.jpg,4,h
4649.jpg,4,h
4650.jpg,4,h
4651.jpg,4,h
4652.jpg,4,h
4653.jpg,4,h
4654.jpg,4,l
4655.jpg,4,t
4656.jpg,4,l
4657.jpg,4,h
4658.jpg,4,t
4659.jpg,4,l
4660.jpg,2,g
4661.jpg,4,h
4662.jpg,1,h
4663.jpg,2,k
4664.jpg,1,k
4665.jpg,4,t
4666.jpg,4,t
4667.jpg,4,h
4668.jpg,4,l
4669.jpg,2,h
4670.jpg,1,h
4671.jpg,4,t
4672.jpg,4,t
4673.jpg,4,t
4674.jpg,4,t
4675.jpg,4,t
4676.jpg,4,t
4677.jpg,4,t
4678.jpg,4,t
4679.jpg,4,t
4680.jpg,4,t
4681.jpg,4,t
4682.jpg,2,g
4683.jpg,4,l
4684.jpg,4,l
4685.jpg,4,l
4686.jpg,4,h
4687.jpg,4,l
4688.jpg,4,l
4689.jpg,4,h
4690.jpg,4,h
4691.jpg,2,h
4692.jpg,4,l
4693.jpg,4,h
4694.jpg,4,l
4695.jpg,4,t
4696.jpg,2,t
4697.jpg,2,h
4698.jpg,4,t
4699.jpg,2,k
4700.jpg,2,k
4701.jpg,2,h
4702.jpg,2,t
4703.jpg,4,t
4704.jpg,4,t
4705.jpg,4,t
4706.jpg,4,t
4707.jpg,2,t
4708.jpg,1,h
4709.jpg,2,h
4710.jpg,1,h
4711.jpg,4,h
4712.jpg,4,h
4713.jpg,4,l
4714.jpg,4,l
4715.jpg,4,l
4716.jpg,4,h
4717.jpg,4,h
4718.jpg,4,h
4719.jpg,4,h
4720.jpg,2,t
4721.jpg,4,t
4722.jpg,2,k
4723.jpg,2,g
4724.jpg,4,l
4725.jpg,4,t
4726.jpg,4,l
4727.jpg,4,t
4728.jpg,4,t
4729.jpg,4,t
4730.jpg,4,t
4731.jpg,4,t
4732.jpg,2,k
4733.jpg,4,l
4734.jpg,4,k
4735.jpg,4,t
4736.jpg,4,t
4737.jpg,4,t
4738.jpg,4,l
4739.jpg,1,h
4740.jpg,4,t
4741.jpg,2,k
4742.jpg,4,t
4743.jpg,2,k
4744.jpg,4,h
4745.jpg,4,h
4746.jpg,1,k
4747.jpg,4,t
4748.jpg,2,t
4749.jpg,4,l
4750.jpg,4,t
4751.jpg,4,t
4752.jpg,1,k
4753.jpg,2,g
4754.jpg,4,l
4755.jpg,4,l
4756.jpg,4,l
4757.jpg,4,l
4758.jpg,4,l
4759.jpg,4,h
4760.jpg,4,h
4761.jpg,0,l
4762.jpg,4,l
4763.jpg,4,l
4764.jpg,4,l
4765.jpg,2,g
4766.jpg,4,l
4767.jpg,4,l
4768.jpg,4,l
4769.jpg,4,l
4770.jpg,4,l
4771.jpg,4,l
4772.jpg,4,l
4773.jpg,4,h
4774.jpg,4,t
4775.jpg,4,h
4776.jpg,4,h
4777.jpg,4,h
4778.jpg,4,l
4779.jpg,4,l
4780.jpg,4,h
4781.jpg,4,h
4782.jpg,4,h
4783.jpg,4,h
4784.jpg,4,h
4785.jpg,4,h
4786.jpg,4,h
4787.jpg,4,h
4788.jpg,4,h
4789.jpg,4,l
4790.jpg,4,t
4791.jpg,4,l
4792.jpg,4,h
4793.jpg,4,l
4794.jpg,4,l
4795.jpg,2,g
4796.jpg,4,l
4797.jpg,1,h
4798.jpg,2,k
4799.jpg,1,k
4800.jpg,2,h
4801.jpg,2,t
4802.jpg,2,h
4803.jpg,4,h
4804.jpg,4,h
4805.jpg,1,h
4806.jpg,4,t
4807.jpg,4,t
4808.jpg,4,t
4809.jpg,4,t
4810.jpg,4,t
4811.jpg,4,t
4812.jpg,4,t
4813.jpg,4,t
4814.jpg,4,t
4815.jpg,4,t
4816.jpg,4,t
4817.jpg,2,g
4818.jpg,4,l
4819.jpg,4,l
4820.jpg,4,l
4821.jpg,4,h
4822.jpg,4,l
4823.jpg,4,l
4824.jpg,2,k
4825.jpg,4,k
4826.jpg,1,k
4827.jpg,4,t
4828.jpg,4,t
4829.jpg,4,t
4830.jpg,4,t
4831.jpg,4,t
4832.jpg,4,t
4833.jpg,4,t
4834.jpg,4,t
4835.jpg,2,t
4836.jpg,4,t
4837.jpg,4,l
4838.jpg,4,t
4839.jpg,4,t
4840.jpg,4,t
4841.jpg,4,t
4842.jpg,1,h
4843.jpg,2,g
4844.jpg,4,l
4845.jpg,2,g
4846.jpg,4,h
4847.jpg,1,g
4848.jpg,1,k
4849.jpg,2,g
4850.jpg,4,l
4851.jpg,4,l
4852.jpg,1,k
4853.jpg,4,h
4854.jpg,1,h
4855.jpg,4,k
4856.jpg,2,g
4857.jpg,1,l
4858.jpg,4,h
4859.jpg,4,h
4860.jpg,4,l
4861.jpg,2,g
4862.jpg,4,l
4863.jpg,2,l
4864.jpg,4,h
4865.jpg,2,l
4866.jpg,4,l
4867.jpg,4,h
4868.jpg,4,h
4869.jpg,4,l
4870.jpg,1,h
4871.jpg,1,h
4872.jpg,1,h
4873.jpg,1,h
4874.jpg,1,h
4875.jpg,4,h
4876.jpg,4,h
4877.jpg,4,l
4878.jpg,4,k
4879.jpg,4,t
4880.jpg,4,t
4881.jpg,xxxx,
4882.jpg,4,t
4883.jpg,4,l
4884.jpg,4,l
4885.jpg,4,t
4886.jpg,4,t
4887.jpg,4,l
4888.jpg,1,h
4889.jpg,4,l
4890.jpg,4,t
4891.jpg,4,l
4892.jpg,4,l
4893.jpg,4,l
4894.jpg,4,k
4895.jpg,4,l
4896.jpg,xxxx,
4897.jpg,4,l
4898.jpg,2,t
4899.jpg,4,t
4900.jpg,4,l
4901.jpg,4,l
4902.jpg,4,t
4903.jpg,4,l
4904.jpg,4,t
4905.jpg,4,t
4906.jpg,4,t
4907.jpg,4,t
4908.jpg,4,t
4909.jpg,1,t
4910.jpg,1,g
4911.jpg,4,t
4912.jpg,4,m
4913.jpg,4,l
4914.jpg,4,l
4915.jpg,4,l
4916.jpg,4,m
4917.jpg,4,h
4918.jpg,4,l
4919.jpg,4,t
4920.jpg,4,g
4921.jpg,0,l
4922.jpg,4,t
4923.jpg,4,t
4924.jpg,1,k
4925.jpg,4,h
4926.jpg,4,h
4927.jpg,4,h
4928.jpg,1,h
4929.jpg,1,h
4930.jpg,4,t
4931.jpg,4,t
4932.jpg,4,h
4933.jpg,4,t
4934.jpg,4,t
4935.jpg,4,t
4936.jpg,4,t
4937.jpg,2,g
4938.jpg,4,t
4939.jpg,4,t
4940.jpg,4,t
4941.jpg,4,t
4942.jpg,4,l
4943.jpg,4,t
4944.jpg,4,t
4945.jpg,4,t
4946.jpg,4,l
4947.jpg,4,l
4948.jpg,4,l
4949.jpg,4,t
4950.jpg,4,t
4951.jpg,1,h
4952.jpg,4,l
4953.jpg,4,t
4954.jpg,2,g
4955.jpg,4,l
4956.jpg,4,l
4957.jpg,4,l
4958.jpg,4,l
4959.jpg,4,m
4960.jpg,4,l
4961.jpg,4,l
4962.jpg,4,m
4963.jpg,4,l
4964.jpg,2,k
4965.jpg,4,l
4966.jpg,4,t
4967.jpg,4,t
4968.jpg,4,k
4969.jpg,4,l
4970.jpg,1,g
4971.jpg,2,k
4972.jpg,4,l
4973.jpg,4,l
4974.jpg,4,h
4975.jpg,4,l
4976.jpg,4,l
4977.jpg,4,l
4978.jpg,4,l
4979.jpg,4,l
4980.jpg,4,l
4981.jpg,4,l
4982.jpg,4,l
4983.jpg,4,l
4984.jpg,4,t
4985.jpg,4,t
4986.jpg,4,l
4987.jpg,4,l
4988.jpg,4,l
4989.jpg,4,l
4990.jpg,4,l
4991.jpg,4,l
4992.jpg,2,g
4993.jpg,4,h
4994.jpg,4,l
4995.jpg,4,l
4996.jpg,1,h
4997.jpg,1,h
4998.jpg,1,g
4999.jpg,1,h
5000.jpg,4,h
5001.jpg,4,h
5002.jpg,4,t
5003.jpg,4,t
5004.jpg,4,h
5005.jpg,4,h
5006.jpg,4,l
5007.jpg,4,l
5008.jpg,4,l
5009.jpg,4,l
5010.jpg,4,l
5011.jpg,4,l
5012.jpg,4,t
5013.jpg,4,h
5014.jpg,4,t
5015.jpg,4,h
5016.jpg,4,l
5017.jpg,0,l
5018.jpg,4,l
5019.jpg,4,k
5020.jpg,2,t
5021.jpg,4,l
5022.jpg,4,l
5023.jpg,4,k
5024.jpg,4,m
5025.jpg,4,l
5026.jpg,4,t
5027.jpg,4,l
5028.jpg,4,t
5029.jpg,4,t
5030.jpg,4,k
5031.jpg,2,t
5032.jpg,1,k
5033.jpg,4,t
5034.jpg,2,t
5035.jpg,2,k
5036.jpg,1,k
5037.jpg,4,k
5038.jpg,4,k
5039.jpg,4,t
5040.jpg,4,l
5041.jpg,2,k
5042.jpg,2,h
5043.jpg,4,t
5044.jpg,4,h
5045.jpg,2,k
5046.jpg,4,l
5047.jpg,4,l
5048.jpg,4,l
5049.jpg,2,k
5050.jpg,2,g
5051.jpg,1,t
5052.jpg,4,g
5053.jpg,2,g
5054.jpg,2,t
5055.jpg,4,t
5056.jpg,4,l
5057.jpg,4,l
5058.jpg,4,t
5059.jpg,4,t
5060.jpg,4,t
5061.jpg,4,m
5062.jpg,4,m
5063.jpg,4,m
5064.jpg,2,g
5065.jpg,4,m
5066.jpg,4,t
5067.jpg,1,k
5068.jpg,4,t
5069.jpg,2,k
5070.jpg,4,k
5071.jpg,4,t
5072.jpg,1,h
5073.jpg,4,t
5074.jpg,4,t
5075.jpg,4,t
5076.jpg,4,t
5077.jpg,1,h
5078.jpg,4,t
5079.jpg,4,l
5080.jpg,2,h
5081.jpg,4,l
5082.jpg,4,l
5083.jpg,4,h
5084.jpg,2,g
5085.jpg,4,k
5086.jpg,4,l
5087.jpg,4,l
5088.jpg,4,l
5089.jpg,4,h
5090.jpg,4,t
5091.jpg,4,k
5092.jpg,4,k
5093.jpg,1,h
5094.jpg,4,h
5095.jpg,4,h
5096.jpg,4,l
5097.jpg,4,l
5098.jpg,4,l
5099.jpg,4,l
5100.jpg,4,l
5101.jpg,4,l
5102.jpg,4,l
5103.jpg,4,l
5104.jpg,4,l
5105.jpg,4,l
5106.jpg,4,l
5107.jpg,4,l
5108.jpg,4,l
5109.jpg,4,l
5110.jpg,4,k
5111.jpg,1,h
5112.jpg,4,t
5113.jpg,2,k
5114.jpg,4,t
5115.jpg,4,t
5116.jpg,4,t
5117.jpg,4,t
5118.jpg,4,t
5119.jpg,4,t
5120.jpg,4,l
5121.jpg,4,t
5122.jpg,1,k
5123.jpg,4,h
5124.jpg,4,l
5125.jpg,4,l
5126.jpg,4,l
5127.jpg,4,l
5128.jpg,1,h
5129.jpg,4,l
5130.jpg,4,l
5131.jpg,1,h
5132.jpg,1,h
5133.jpg,1,h
5134.jpg,4,h
5135.jpg,2,l
5136.jpg,1,g
5137.jpg,4,t
5138.jpg,4,t
5139.jpg,4,h
5140.jpg,4,l
5141.jpg,4,l
5142.jpg,4,l
5143.jpg,4,l
5144.jpg,4,l
5145.jpg,4,l
5146.jpg,4,t
5147.jpg,2,g
5148.jpg,4,t
5149.jpg,4,h
5150.jpg,4,l
5151.jpg,0,l
5152.jpg,4,l
5153.jpg,4,k
5154.jpg,2,t
5155.jpg,4,l
5156.jpg,4,l
5157.jpg,4,k
5158.jpg,4,m
5159.jpg,4,l
5160.jpg,4,t
5161.jpg,4,l
5162.jpg,4,h
5163.jpg,4,t
5164.jpg,4,k
5165.jpg,2,t
5166.jpg,1,t
5167.jpg,4,t
5168.jpg,2,t
5169.jpg,2,k
5170.jpg,1,k
5171.jpg,4,k
5172.jpg,2,k
5173.jpg,4,t
5174.jpg,4,t
5175.jpg,4,t
5176.jpg,4,t
5177.jpg,4,t
5178.jpg,4,t
5179.jpg,4,t
5180.jpg,4,t
5181.jpg,4,t
5182.jpg,2,g
5183.jpg,4,h
5184.jpg,4,l
5185.jpg,4,l
5186.jpg,4,l
5187.jpg,4,l
5188.jpg,4,l
5189.jpg,4,l
5190.jpg,4,l
5191.jpg,1,k
5192.jpg,2,l
5193.jpg,4,l
5194.jpg,1,g
5195.jpg,4,l
5196.jpg,4,l
5197.jpg,2,g
5198.jpg,4,t
5199.jpg,4,t
5200.jpg,4,t
5201.jpg,4,t
5202.jpg,4,t
5203.jpg,4,t
5204.jpg,4,t
5205.jpg,4,m
5206.jpg,4,t
5207.jpg,4,l
5208.jpg,2,g
5209.jpg,4,l
5210.jpg,4,m
5211.jpg,4,h
5212.jpg,1,k
5213.jpg,1,k
5214.jpg,4,l
5215.jpg,4,l
5216.jpg,4,l
5217.jpg,4,t
5218.jpg,4,t
5219.jpg,4,t
5220.jpg,2,l
5221.jpg,4,t
5222.jpg,4,t
5223.jpg,4,t
5224.jpg,4,t
5225.jpg,4,t
5226.jpg,4,t
5227.jpg,4,l
5228.jpg,1,h
5229.jpg,4,l
5230.jpg,4,l
5231.jpg,4,t
5232.jpg,1,k
5233.jpg,4,l
5234.jpg,4,l
5235.jpg,4,l
5236.jpg,4,l
5237.jpg,2,k
5238.jpg,2,k
5239.jpg,4,l
5240.jpg,4,k
5241.jpg,4,t
5242.jpg,4,t
5243.jpg,4,h
5244.jpg,4,l
5245.jpg,4,h
5246.jpg,4,h
5247.jpg,1,k
5248.jpg,4,h
5249.jpg,4,t
5250.jpg,1,h
5251.jpg,4,t
5252.jpg,4,t
5253.jpg,2,t
5254.jpg,4,t
5255.jpg,4,t
5256.jpg,4,t
5257.jpg,4,t
5258.jpg,2,k
5259.jpg,4,l
5260.jpg,4,t
5261.jpg,4,l
5262.jpg,4,t
5263.jpg,4,t
5264.jpg,1,k
5265.jpg,4,l
5266.jpg,4,l
5267.jpg,4,l
5268.jpg,4,l
5269.jpg,4,t
5270.jpg,2,h
5271.jpg,1,h
5272.jpg,4,l
5273.jpg,2,g
5274.jpg,4,l
5275.jpg,4,l
5276.jpg,1,h
5277.jpg,4,k
5278.jpg,4,t
5279.jpg,4,l
5280.jpg,4,h
5281.jpg,4,h
5282.jpg,4,h
5283.jpg,4,h
5284.jpg,2,g
5285.jpg,2,g
5286.jpg,4,t
5287.jpg,4,t
5288.jpg,2,g
5289.jpg,4,m
5290.jpg,2,g
5291.jpg,4,t
5292.jpg,4,t
5293.jpg,4,t
5294.jpg,4,l
5295.jpg,4,l
5296.jpg,2,k
5297.jpg,4,h
5298.jpg,4,h
5299.jpg,4,h
5300.jpg,4,h
5301.jpg,4,h
5302.jpg,4,l
5303.jpg,4,l
5304.jpg,4,h
5305.jpg,4,h
5306.jpg,4,h
5307.jpg,4,h
5308.jpg,4,h
5309.jpg,4,h
5310.jpg,4,l
5311.jpg,4,t
5312.jpg,1,k
5313.jpg,4,m
5314.jpg,4,t
5315.jpg,4,t
5316.jpg,4,m
5317.jpg,4,l
5318.jpg,4,t
5319.jpg,4,h
5320.jpg,4,m
5321.jpg,4,t
5322.jpg,4,m
5323.jpg,4,t
5324.jpg,4,t
5325.jpg,4,l
5326.jpg,4,t
5327.jpg,1,g
5328.jpg,2,k
5329.jpg,1,h
5330.jpg,4,t
5331.jpg,4,t
5332.jpg,1,t
5333.jpg,4,t
5334.jpg,4,t
5335.jpg,4,t
5336.jpg,4,t
5337.jpg,2,t
5338.jpg,4,t
5339.jpg,4,t
5340.jpg,4,t
5341.jpg,4,l
5342.jpg,4,t
5343.jpg,4,l
5344.jpg,4,t
5345.jpg,2,t
5346.jpg,4,t
5347.jpg,4,t
5348.jpg,2,g
5349.jpg,2,g
5350.jpg,2,h
5351.jpg,4,t
5352.jpg,4,h
5353.jpg,4,h
5354.jpg,1,k
5355.jpg,4,h
5356.jpg,1,k
5357.jpg,4,l
5358.jpg,4,m
5359.jpg,4,k
5360.jpg,2,h
5361.jpg,4,h
5362.jpg,4,t
5363.jpg,4,m
5364.jpg,4,l
5365.jpg,2,g
5366.jpg,4,l
5367.jpg,1,h
5368.jpg,4,t
5369.jpg,1,h
5370.jpg,4,l
5371.jpg,4,l
5372.jpg,4,t
5373.jpg,4,t
5374.jpg,4,t
5375.jpg,1,h
5376.jpg,2,l
5377.jpg,4,t
5378.jpg,1,h
5379.jpg,4,t
5380.jpg,2,t
5381.jpg,4,t
5382.jpg,2,t
5383.jpg,4,h
5384.jpg,4,l
5385.jpg,4,l
5386.jpg,4,k
5387.jpg,4,k
5388.jpg,4,k
5389.jpg,4,h
5390.jpg,2,t
5391.jpg,4,l
5392.jpg,4,l
5393.jpg,4,t
5394.jpg,4,t
5395.jpg,4,t
5396.jpg,4,t
5397.jpg,4,t
5398.jpg,4,t
5399.jpg,4,t
5400.jpg,4,l
5401.jpg,4,t
5402.jpg,4,l
5403.jpg,4,l
5404.jpg,4,l
5405.jpg,4,t
5406.jpg,4,m
5407.jpg,4,h
5408.jpg,4,t
5409.jpg,1,k
5410.jpg,4,l
5411.jpg,4,t
5412.jpg,4,t
5413.jpg,2,k
5414.jpg,4,t
5415.jpg,4,l
5416.jpg,4,l
5417.jpg,2,t
5418.jpg,4,t
5419.jpg,1,t
5420.jpg,4,t
5421.jpg,4,t
5422.jpg,4,t
5423.jpg,4,t
5424.jpg,2,k
5425.jpg,2,k
5426.jpg,1,g
5427.jpg,1,h
5428.jpg,1,h
5429.jpg,1,h
5430.jpg,4,h
5431.jpg,2,h
5432.jpg,4,l
5433.jpg,4,t
5434.jpg,4,t
5435.jpg,4,t
5436.jpg,2,t
5437.jpg,4,t
5438.jpg,4,t
5439.jpg,4,l
5440.jpg,4,l
5441.jpg,4,l
5442.jpg,4,l
5443.jpg,2,k
5444.jpg,4,l
5445.jpg,4,k
5446.jpg,4,t
5447.jpg,4,t
5448.jpg,4,t
5449.jpg,4,t
5450.jpg,4,t
5451.jpg,1,k
5452.jpg,4,t
5453.jpg,1,k
5454.jpg,4,k
5455.jpg,4,t
5456.jpg,4,t
5457.jpg,4,k
5458.jpg,4,t
5459.jpg,4,k
5460.jpg,1,h
5461.jpg,4,l
5462.jpg,4,t
5463.jpg,4,t
5464.jpg,2,t
5465.jpg,4,t
5466.jpg,4,m
5467.jpg,1,k
5468.jpg,4,t
5469.jpg,4,t
5470.jpg,4,l
5471.jpg,2,k
5472.jpg,4,h
5473.jpg,4,t
5474.jpg,2,k
5475.jpg,4,l
5476.jpg,4,h
5477.jpg,4,l
5478.jpg,4,l
5479.jpg,4,t
5480.jpg,4,t
5481.jpg,2,k
5482.jpg,2,g
5483.jpg,4,h
5484.jpg,4,h
5485.jpg,2,h
5486.jpg,1,h
5487.jpg,1,k
5488.jpg,1,h
5489.jpg,2,g
5490.jpg,2,h
5491.jpg,4,h
5492.jpg,4,t
5493.jpg,4,t
5494.jpg,4,t
5495.jpg,4,l
5496.jpg,4,t
5497.jpg,4,t
5498.jpg,4,t
5499.jpg,1,t
5500.jpg,4,t
5501.jpg,4,k
5502.jpg,4,l
5503.jpg,4,l
5504.jpg,4,l
5505.jpg,2,k
5506.jpg,4,l
5507.jpg,4,t
5508.jpg,2,k
5509.jpg,4,t
5510.jpg,4,t
5511.jpg,4,t
5512.jpg,4,l
5513.jpg,4,l
5514.jpg,4,l
5515.jpg,4,t
5516.jpg,4,l
5517.jpg,4,t
5518.jpg,2,k
5519.jpg,4,l
5520.jpg,4,k
5521.jpg,4,k
5522.jpg,2,k
5523.jpg,4,t
5524.jpg,4,t
5525.jpg,4,t
5526.jpg,4,t
5527.jpg,4,l
5528.jpg,4,t
5529.jpg,4,l
5530.jpg,4,t
5531.jpg,4,t
5532.jpg,1,t
5533.jpg,4,t
5534.jpg,4,t
5535.jpg,4,l
5536.jpg,4,l
5537.jpg,1,t
5538.jpg,4,t
5539.jpg,1,g
5540.jpg,4,l
5541.jpg,4,t
5542.jpg,4,t
5543.jpg,4,l
5544.jpg,4,t
5545.jpg,4,h
5546.jpg,1,h
5547.jpg,4,h
5548.jpg,2,g
5549.jpg,4,h
5550.jpg,2,g
5551.jpg,2,g
5552.jpg,4,h
5553.jpg,4,t
5554.jpg,4,l
5555.jpg,4,t
5556.jpg,4,h
5557.jpg,4,t
5558.jpg,1,h
5559.jpg,2,h
5560.jpg,4,h
5561.jpg,1,k
5562.jpg,2,k
5563.jpg,4,t
5564.jpg,4,t
5565.jpg,2,k
5566.jpg,4,t
5567.jpg,4,t
5568.jpg,4,k
5569.jpg,2,t
5570.jpg,4,m
5571.jpg,4,m
5572.jpg,4,h
5573.jpg,4,l
5574.jpg,4,l
5575.jpg,4,l
5576.jpg,4,m
5577.jpg,0,l
5578.jpg,2,g
5579.jpg,4,t
5580.jpg,1,h
5581.jpg,1,h
5582.jpg,2,h
5583.jpg,4,l
5584.jpg,2,h
5585.jpg,4,t
5586.jpg,4,h
5587.jpg,2,h
5588.jpg,4,h
5589.jpg,4,t
5590.jpg,4,h
5591.jpg,1,h
5592.jpg,2,g
5593.jpg,2,g
5594.jpg,4,h
5595.jpg,2,g
5596.jpg,2,g
5597.jpg,4,h
5598.jpg,4,h
5599.jpg,4,h
5600.jpg,4,t
5601.jpg,4,h
5602.jpg,4,h
5603.jpg,1,h
5604.jpg,2,h
5605.jpg,4,h
5606.jpg,1,k
5607.jpg,2,k
5608.jpg,4,t
5609.jpg,4,t
5610.jpg,2,k
5611.jpg,4,t
5612.jpg,4,t
5613.jpg,4,k
5614.jpg,4,t
5615.jpg,4,m
5616.jpg,4,m
5617.jpg,4,m
5618.jpg,4,m
5619.jpg,4,l
5620.jpg,4,l
5621.jpg,4,l
5622.jpg,4,m
5623.jpg,0,l
5624.jpg,2,g
5625.jpg,4,t
5626.jpg,4,t
5627.jpg,4,t
5628.jpg,4,t
5629.jpg,1,m
5630.jpg,4,l
5631.jpg,4,t
5632.jpg,2,k
5633.jpg,4,m
5634.jpg,4,t
5635.jpg,0,l
5636.jpg,4,t
5637.jpg,4,t
5638.jpg,4,k
5639.jpg,4,k
5640.jpg,2,k
5641.jpg,2,k
5642.jpg,1,h
5643.jpg,4,t
5644.jpg,4,g
5645.jpg,4,k
5646.jpg,1,g
5647.jpg,4,h
5648.jpg,4,l
5649.jpg,4,l
5650.jpg,2,k
5651.jpg,4,l
5652.jpg,4,l
5653.jpg,4,l
5654.jpg,4,l
5655.jpg,4,l
5656.jpg,4,t
5657.jpg,4,t
5658.jpg,4,t
5659.jpg,4,t
5660.jpg,4,t
5661.jpg,4,t
5662.jpg,4,k
5663.jpg,4,l
5664.jpg,4,l
5665.jpg,4,l
5666.jpg,4,l
5667.jpg,2,g
5668.jpg,2,k
5669.jpg,2,g
5670.jpg,4,l
5671.jpg,1,h
5672.jpg,4,t
5673.jpg,4,t
5674.jpg,4,t
5675.jpg,4,l
5676.jpg,4,l
5677.jpg,4,h
5678.jpg,2,h
5679.jpg,1,h
5680.jpg,4,h
5681.jpg,4,h
5682.jpg,4,l
5683.jpg,4,h
5684.jpg,1,h
5685.jpg,1,h
5686.jpg,1,h
5687.jpg,1,h
5688.jpg,4,t
5689.jpg,4,m
5690.jpg,4,t
5691.jpg,4,l
5692.jpg,4,l
5693.jpg,4,l
5694.jpg,4,l
5695.jpg,4,l
5696.jpg,4,l
5697.jpg,4,t
5698.jpg,2,k
5699.jpg,4,t
5700.jpg,4,k
5701.jpg,4,k
5702.jpg,2,k
5703.jpg,4,t
5704.jpg,4,t
5705.jpg,4,t
5706.jpg,4,t
5707.jpg,4,l
5708.jpg,4,t
5709.jpg,4,m
5710.jpg,4,m
5711.jpg,2,g
5712.jpg,4,t
5713.jpg,4,t
5714.jpg,4,l
5715.jpg,4,l
5716.jpg,4,l
5717.jpg,1,t
5718.jpg,4,l
5719.jpg,1,g
5720.jpg,4,t
5721.jpg,4,t
5722.jpg,4,t
5723.jpg,4,l
5724.jpg,4,t
5725.jpg,2,l
5726.jpg,2,l
5727.jpg,4,k
5728.jpg,1,h
5729.jpg,2,l
5730.jpg,4,h
5731.jpg,4,t
5732.jpg,4,t
5733.jpg,4,t
5734.jpg,4,t
5735.jpg,4,m
5736.jpg,4,t
5737.jpg,4,l
5738.jpg,4,l
5739.jpg,2,g
5740.jpg,4,l
5741.jpg,4,l
5742.jpg,4,l
5743.jpg,4,t
5744.jpg,4,t
5745.jpg,4,k
5746.jpg,4,t
5747.jpg,4,l
5748.jpg,4,t
5749.jpg,4,t
5750.jpg,4,t
5751.jpg,4,m
5752.jpg,4,t
5753.jpg,2,m
5754.jpg,4,t
5755.jpg,4,m
5756.jpg,1,h
5757.jpg,2,k
5758.jpg,4,k
5759.jpg,4,t
5760.jpg,4,t
5761.jpg,2,k
5762.jpg,2,m
5763.jpg,4,t
5764.jpg,4,t
5765.jpg,4,t
5766.jpg,2,t
5767.jpg,4,l
5768.jpg,4,t
5769.jpg,4,h
5770.jpg,4,t
5771.jpg,2,t
5772.jpg,1,h
5773.jpg,1,h
5774.jpg,1,h
5775.jpg,1,h
5776.jpg,1,h
5777.jpg,4,t
5778.jpg,4,h
5779.jpg,4,l
5780.jpg,4,t
5781.jpg,4,t
5782.jpg,1,g
5783.jpg,4,t
5784.jpg,4,t
5785.jpg,4,m
5786.jpg,4,k
5787.jpg,2,h
5788.jpg,4,l
5789.jpg,4,t
5790.jpg,4,t
5791.jpg,2,g
5792.jpg,4,l
5793.jpg,4,k
5794.jpg,4,k
5795.jpg,4,t
5796.jpg,4,t
5797.jpg,1,k
5798.jpg,1,k
5799.jpg,4,t
5800.jpg,4,t
5801.jpg,4,t
5802.jpg,4,t
5803.jpg,4,t
5804.jpg,1,k
5805.jpg,4,t
5806.jpg,4,t
5807.jpg,4,t
5808.jpg,1,k
5809.jpg,4,t
5810.jpg,1,k
5811.jpg,4,l
5812.jpg,1,h
5813.jpg,4,h
5814.jpg,4,l
5815.jpg,4,l
5816.jpg,4,h
5817.jpg,4,h
5818.jpg,4,l
5819.jpg,4,t
5820.jpg,4,h
5821.jpg,4,h
5822.jpg,1,l
5823.jpg,1,g
5824.jpg,1,k
5825.jpg,2,k
5826.jpg,2,g
5827.jpg,4,t
5828.jpg,4,t
5829.jpg,2,g
5830.jpg,4,t
5831.jpg,4,t
5832.jpg,1,h
5833.jpg,1,h
5834.jpg,4,h
5835.jpg,2,h
5836.jpg,2,t
5837.jpg,1,g
5838.jpg,4,t
5839.jpg,4,t
5840.jpg,4,t
5841.jpg,4,h
5842.jpg,4,l
5843.jpg,4,l
5844.jpg,4,m
5845.jpg,2,l
5846.jpg,4,m
5847.jpg,4,m
5848.jpg,4,m
5849.jpg,4,t
5850.jpg,4,l
5851.jpg,4,t
5852.jpg,4,t
5853.jpg,4,t
5854.jpg,4,t
5855.jpg,4,t
5856.jpg,4,l
5857.jpg,4,t
5858.jpg,4,t
5859.jpg,4,k
5860.jpg,4,k
5861.jpg,4,h
5862.jpg,2,k
5863.jpg,xxxx,xxxx
5864.jpg,4,h
5865.jpg,2,t
5866.jpg,4,l
5867.jpg,4,t
5868.jpg,4,t
5869.jpg,4,t
5870.jpg,4,t
5871.jpg,4,l
5872.jpg,4,t
5873.jpg,4,l
5874.jpg,4,k
5875.jpg,4,t
5876.jpg,4,t
5877.jpg,4,t
5878.jpg,4,t
5879.jpg,4,l
5880.jpg,4,t
5881.jpg,4,h
5882.jpg,4,l
5883.jpg,4,l
5884.jpg,2,g
5885.jpg,1,g
5886.jpg,2,g
5887.jpg,4,t
5888.jpg,4,t
5889.jpg,4,m
5890.jpg,4,t
5891.jpg,2,g
5892.jpg,4,l
5893.jpg,2,g
5894.jpg,2,g
5895.jpg,4,l
5896.jpg,4,l
5897.jpg,2,g
5898.jpg,4,h
5899.jpg,1,k
5900.jpg,2,g
5901.jpg,2,g
5902.jpg,2,g
5903.jpg,4,t
5904.jpg,4,k
5905.jpg,4,m
5906.jpg,4,l
5907.jpg,4,t
5908.jpg,4,l
5909.jpg,4,t
5910.jpg,4,k
5911.jpg,4,h
5912.jpg,4,h
5913.jpg,4,h
5914.jpg,4,h
5915.jpg,4,h
5916.jpg,4,h
5917.jpg,4,k
5918.jpg,4,k
5919.jpg,4,l
5920.jpg,4,t
5921.jpg,4,t
5922.jpg,4,t
5923.jpg,4,t
5924.jpg,4,l
5925.jpg,2,k
5926.jpg,4,l
5927.jpg,4,l
5928.jpg,4,l
5929.jpg,4,m
5930.jpg,4,t
5931.jpg,4,t
5932.jpg,4,l
5933.jpg,4,l
5934.jpg,4,l
5935.jpg,4,l
5936.jpg,4,l
5937.jpg,4,t
5938.jpg,4,t
5939.jpg,4,t
5940.jpg,2,t
5941.jpg,4,t
5942.jpg,4,t
5943.jpg,4,t
5944.jpg,4,t
5945.jpg,4,t
5946.jpg,4,t
5947.jpg,4,l
5948.jpg,4,l
5949.jpg,4,t
5950.jpg,4,l
5951.jpg,4,l
5952.jpg,4,t
5953.jpg,4,l
5954.jpg,4,t
5955.jpg,4,t
5956.jpg,4,t
5957.jpg,4,t
5958.jpg,4,t
5959.jpg,1,h
5960.jpg,4,l
5961.jpg,4,l
5962.jpg,2,k
5963.jpg,1,h
5964.jpg,4,l
5965.jpg,4,t
5966.jpg,2,g
5967.jpg,2,g
5968.jpg,2,g
5969.jpg,2,g
5970.jpg,2,h
5971.jpg,4,l
5972.jpg,2,l
5973.jpg,4,l
5974.jpg,4,l
5975.jpg,4,l
5976.jpg,4,l
5977.jpg,4,h
5978.jpg,4,l
5979.jpg,4,t
5980.jpg,2,k
5981.jpg,4,l
5982.jpg,4,t
5983.jpg,4,l
5984.jpg,4,t
5985.jpg,4,t
5986.jpg,4,t
5987.jpg,4,t
5988.jpg,4,l
5989.jpg,4,t
5990.jpg,4,l
5991.jpg,4,l
5992.jpg,4,t
5993.jpg,1,k
5994.jpg,4,l
5995.jpg,4,h
5996.jpg,2,k
5997.jpg,4,l
5998.jpg,4,l
5999.jpg,4,l
6000.jpg,4,l
6001.jpg,4,l
6002.jpg,4,l
6003.jpg,4,l
6004.jpg,4,l
6005.jpg,5,
6006.jpg,4,t
6007.jpg,4,k
6008.jpg,4,l
6009.jpg,4,l
6010.jpg,4,l
6011.jpg,4,l
6012.jpg,4,l
6013.jpg,4,l
6014.jpg,4,l
6015.jpg,4,l
6016.jpg,2,g
6017.jpg,1,k
6018.jpg,1,k
6019.jpg,4,l
6020.jpg,4,l
6021.jpg,1,h
6022.jpg,2,g
6023.jpg,1,k
6024.jpg,1,h
6025.jpg,4,l
6026.jpg,5,
6027.jpg,5,
6028.jpg,1,h
6029.jpg,4,k
6030.jpg,1,h
6031.jpg,4,l
6032.jpg,4,t
6033.jpg,4,t
6034.jpg,4,l
6035.jpg,5,
6036.jpg,4,l
6037.jpg,4,l
6038.jpg,1,k
6039.jpg,2,k
6040.jpg,4,l
6041.jpg,0,
6042.jpg,4,t
6043.jpg,4,l
6044.jpg,4,l
6045.jpg,1,h
6046.jpg,4,l
6047.jpg,1,h
6048.jpg,4,l
6049.jpg,4,l
6050.jpg,1,h
6051.jpg,0,
6052.jpg,1,h
6053.jpg,4,t
6054.jpg,4,l
6055.jpg,4,t
6056.jpg,4,k
6057.jpg,4,l
6058.jpg,4,l
6059.jpg,4,l
6060.jpg,4,t
6061.jpg,4,l
6062.jpg,4,l
6063.jpg,4,l
6064.jpg,4,t
6065.jpg,2,t
6066.jpg,4,l
6067.jpg,4,l
6068.jpg,4,l
6069.jpg,4,t
6070.jpg,4,l
6071.jpg,4,l
6072.jpg,1,h
6073.jpg,4,t
6074.jpg,4,l
6075.jpg,4,l
6076.jpg,1,k
6077.jpg,4,l
6078.jpg,1,h
6079.jpg,4,l
6080.jpg,4,l
6081.jpg,4,l
6082.jpg,4,l
6083.jpg,4,l
6084.jpg,4,k
6085.jpg,4,l
6086.jpg,1,h
6087.jpg,4,l
6088.jpg,4,t
6089.jpg,2,k
6090.jpg,4,l
6091.jpg,0,
6092.jpg,4,l
6093.jpg,2,g
6094.jpg,4,t
6095.jpg,2,k
6096.jpg,4,l
6097.jpg,4,l
6098.jpg,4,l
6099.jpg,4,l
6100.jpg,4,l
6101.jpg,4,l
6102.jpg,4,l
6103.jpg,4,l
6104.jpg,4,l
6105.jpg,4,l
6106.jpg,4,l
6107.jpg,1,h
6108.jpg,1,k
6109.jpg,1,k
6110.jpg,4,t
6111.jpg,4,l
6112.jpg,4,t
6113.jpg,4,t
6114.jpg,4,t
6115.jpg,4,l
6116.jpg,1,k
6117.jpg,2,t
6118.jpg,4,l
6119.jpg,4,l
6120.jpg,2,t
6121.jpg,4,l
6122.jpg,4,l
6123.jpg,4,h
6124.jpg,4,l
6125.jpg,4,l
6126.jpg,2,t
6127.jpg,2,t
6128.jpg,4,l
6129.jpg,4,t
6130.jpg,4,l
6131.jpg,4,l
6132.jpg,4,l
6133.jpg,4,l
6134.jpg,2,g
6135.jpg,1,h
6136.jpg,4,l
6137.jpg,5,
6138.jpg,1,k
6139.jpg,1,k
6140.jpg,4,k
6141.jpg,4,t
6142.jpg,1,k
6143.jpg,1,k
6144.jpg,1,k
6145.jpg,1,h
6146.jpg,4,k
6147.jpg,1,k
6148.jpg,4,t
6149.jpg,4,l
6150.jpg,2,g
6151.jpg,4,l
6152.jpg,4,l
6153.jpg,4,k
6154.jpg,2,g
6155.jpg,4,l
6156.jpg,4,l
6157.jpg,1,k
6158.jpg,2,g
6159.jpg,1,h
6160.jpg,4,t
6161.jpg,1,h
6162.jpg,1,h
6163.jpg,1,h
6164.jpg,1,h
6165.jpg,2,t
6166.jpg,1,h
6167.jpg,2,t
6168.jpg,4,t
6169.jpg,1,h
6170.jpg,1,h
6171.jpg,1,h
6172.jpg,4,l
6173.jpg,2,g
6174.jpg,4,l
6175.jpg,4,m
6176.jpg,2,g
6177.jpg,4,l
6178.jpg,4,l
6179.jpg,4,l
6180.jpg,4,l
6181.jpg,2,t
6182.jpg,1,t
6183.jpg,2,g
6184.jpg,1,h
6185.jpg,4,m
6186.jpg,2,t
6187.jpg,4,k
6188.jpg,4,l
6189.jpg,4,m
6190.jpg,4,t
6191.jpg,2,g
6192.jpg,4,l
6193.jpg,1,t
6194.jpg,4,l
6195.jpg,4,l
6196.jpg,4,k
6197.jpg,4,t
6198.jpg,2,h
6199.jpg,4,l
6200.jpg,4,l
6201.jpg,4,l
6202.jpg,4,l
6203.jpg,1,h
6204.jpg,1,h
6205.jpg,2,h
6206.jpg,1,h
6207.jpg,2,g
6208.jpg,4,l
6209.jpg,4,l
6210.jpg,4,l
6211.jpg,4,l
6212.jpg,4,l
6213.jpg,4,l
6214.jpg,4,l
6215.jpg,4,l
6216.jpg,4,l
6217.jpg,4,l
6218.jpg,1,k
6219.jpg,4,t
6220.jpg,2,g
6221.jpg,1,h
6222.jpg,2,t
6223.jpg,2,k
6224.jpg,4,t
6225.jpg,4,t
6226.jpg,2,g
6227.jpg,4,t
6228.jpg,2,t
6229.jpg,4,k
6230.jpg,4,l
6231.jpg,4,m
6232.jpg,4,t
6233.jpg,2,g
6234.jpg,4,l
6235.jpg,4,l
6236.jpg,4,l
6237.jpg,4,l
6238.jpg,1,t
6239.jpg,4,l
6240.jpg,4,t
6241.jpg,4,k
6242.jpg,4,l
6243.jpg,2,h
6244.jpg,4,l
6245.jpg,4,l
6246.jpg,4,l
6247.jpg,4,l
6248.jpg,1,k
6249.jpg,1,h
6250.jpg,2,h
6251.jpg,1,k
6252.jpg,2,g
6253.jpg,4,l
6254.jpg,4,l
6255.jpg,4,l
6256.jpg,4,l
6257.jpg,4,l
6258.jpg,4,l
6259.jpg,4,l
6260.jpg,4,l
6261.jpg,4,l
6262.jpg,4,l
6263.jpg,1,k
6264.jpg,4,t
6265.jpg,2,g
6266.jpg,1,h
6267.jpg,2,t
6268.jpg,2,k
6269.jpg,4,t
6270.jpg,4,t
6271.jpg,2,g
6272.jpg,4,l
6273.jpg,4,l
6274.jpg,4,l
6275.jpg,4,l
6276.jpg,4,l
6277.jpg,4,l
6278.jpg,4,l
6279.jpg,4,l
6280.jpg,1,h
6281.jpg,2,h
6282.jpg,1,k
6283.jpg,1,k
6284.jpg,4,t
6285.jpg,4,t
6286.jpg,4,t
6287.jpg,2,t
6288.jpg,4,l
6289.jpg,4,t
6290.jpg,4,l
6291.jpg,1,k
6292.jpg,4,l
6293.jpg,4,l
6294.jpg,4,l
6295.jpg,4,l
6296.jpg,4,l
6297.jpg,4,l
6298.jpg,2,t
6299.jpg,1,h
6300.jpg,1,k
6301.jpg,1,k
6302.jpg,2,k
6303.jpg,4,t
6304.jpg,2,t
6305.jpg,4,t
6306.jpg,2,t
6307.jpg,4,t
6308.jpg,4,m
6309.jpg,4,m
6310.jpg,4,l
6311.jpg,2,h
6312.jpg,2,t
6313.jpg,4,l
6314.jpg,4,l
6315.jpg,4,l
6316.jpg,4,l
6317.jpg,4,l
6318.jpg,4,l
6319.jpg,4,l
6320.jpg,4,l
6321.jpg,4,k
6322.jpg,1,t
6323.jpg,4,k
6324.jpg,1,h
6325.jpg,1,h
6326.jpg,5,
6327.jpg,1,h
6328.jpg,2,k
6329.jpg,1,h
6330.jpg,5,
6331.jpg,1,h
6332.jpg,1,h
6333.jpg,4,l
6334.jpg,4,l
6335.jpg,4,l
6336.jpg,1,k
6337.jpg,4,l
6338.jpg,1,k
6339.jpg,1,h
6340.jpg,1,h
6341.jpg,4,l
6342.jpg,1,h
6343.jpg,1,h
6344.jpg,1,h
6345.jpg,4,k
6346.jpg,4,t
6347.jpg,4,l
6348.jpg,2,k
6349.jpg,1,h
6350.jpg,1,h
6351.jpg,1,h
6352.jpg,1,h
6353.jpg,1,h
6354.jpg,4,t
6355.jpg,4,l
6356.jpg,4,l
6357.jpg,4,l
6358.jpg,1,h
6359.jpg,1,h
6360.jpg,1,h
6361.jpg,4,l
6362.jpg,1,h
6363.jpg,1,h
6364.jpg,1,h
6365.jpg,4,h
6366.jpg,4,l
6367.jpg,2,k
6368.jpg,4,l
6369.jpg,4,l
6370.jpg,2,g
6371.jpg,1,h
6372.jpg,1,h
6373.jpg,1,h